temperature_gev,current_mass_g,remaining_lifetime_years,mean_luminosity_ph_s,mean_luminosity_model_lower_ph_s,mean_luminosity_model_upper_ph_s,effective_volume_pc3,number_density_limit_pc3,number_density_envelope_lower_pc3,number_density_envelope_upper_pc3,progenitor_equivalent_fraction_limit,progenitor_equivalent_fraction_envelope_lower,progenitor_equivalent_fraction_envelope_upper,decade_end_to_start_luminosity_ratio
2.6328169889558923,4026105895117.187,827.202055547628,1.4000000003240707e+24,1.0000000002314791e+24,1.8000000004166625e+24,1.3975629306544894e-08,5778429619.466521,2338175128.094866,15392065543.473642,1.38379414933437e-07,5.599363971617483e-08,3.686027458649984e-07,1.0093722622558285
2.637456758459462,4019023237443.126,822.8441311661317,1.4057160112795373e+24,1.0040828651996696e+24,1.8073491573594053e+24,1.4117087178634254e-08,5720527847.830162,2314780275.652837,15237763113.73745,1.369928075313746e-07,5.543338957788883e-08,3.6490757583510486e-07,1.0094148553952855
2.642104704551506,4011953039461.1436,818.5091655101216,1.411450948064244e+24,1.0081792486173171e+24,1.814722647511171e+24,1.4259866683090852e-08,5663250024.026109,2291637181.3328495,15085124132.017653,1.3562114217095145e-07,5.4879168437778303e-08,3.612522413623504e-07,1.0094576775944735
2.646760841641489,4004895279252.3594,814.197037626816,1.4172048696442787e+24,1.0122891926030563e+24,1.8221205466855013e+24,1.4403979413634054e-08,5606588847.18919,2268742902.9311256,14934129126.868258,1.3426424401410297e-07,5.433090583717813e-08,3.576362761526931e-07,1.0095007097250077
2.651425184164271,3997849934936.4517,809.9076272006454,1.4229778351764656e+24,1.0164127394117612e+24,1.8295429309411702e+24,1.4549437061389031e-08,5550537109.778288,2246094535.811679,14784758875.82193,1.3292194045764997e-07,5.378853221708097e-08,3.5405921987452733e-07,1.009543958241354
2.6560977465801496,3990816984671.591,805.640814549895,1.4287699040080143e+24,1.020549931434296e+24,1.8369898765817328e+24,1.4696251415658404e-08,5495087696.280092,2223689212.385073,14636994401.929808,1.315940611022567e-07,5.325197890565474e-08,3.5052061807582153e-07,1.0095874399649434
2.660778543374905,3983796406654.3716,801.3964806233658,1.4345811356780394e+24,1.0247008111985996e+24,1.8444614601574793e+24,1.4844434364750777e-08,5440233581.913191,2201524101.5872188,14490816970.305416,1.3028043772139697e-07,5.2721178105761106e-08,3.4702002210135275e-07,1.0096311357298604
2.6654675890598463,3976788179119.744,797.174506997053,1.4404115899184957e+24,1.0288654213703541e+24,1.8519577584666374e+24,1.499399789679855e-08,5385967831.359126,2179596408.3690124,14346208084.735748,1.2898090423096593e-07,5.219606288273354e-08,3.435569890115503e-07,1.0096750469016842
2.6701648981718544,3969792280340.9478,792.9747758708415,1.4462613266540622e+24,1.0330438047529016e+24,1.859478848555223e+24,1.5144954100555708e-08,5332283597.522437,2157903373.1976748,14203149484.374159,1.2769529665958624e-07,5.167656715243557e-08,3.4013108150329884e-07,1.0097191903375347
2.67487048527343,3962808688629.4414,788.7971700652183,1.4521304060035435e+24,1.0372360042882454e+24,1.8670248077188418e+24,1.5297315166242312e-08,5279174120.29505,2136442271.5598128,14061623140.440992,1.2642345311901802e-07,5.116262566936036e-08,3.3674186783092607e-07,1.0097635675429755
2.6795843649527358,3955837382334.842,784.6415730180051,1.4580188882805728e+24,1.041442063057552e+24,1.8745957135035936e+24,1.545109338637736e-08,5226632725.346409,2115210413.47476,13921611252.997744,1.2516521377518558e-07,5.065417401497634e-08,3.3338892172895174e-07,1.0098081695698238
2.6843065518236435,3948878339844.8486,780.5078687811038,1.4639268339940198e+24,1.0456620242814427e+24,1.8821916437065972e+24,1.5606301156609812e-08,5174652822.934914,2094205143.0166142,13783096247.772612,1.2392042081971407e-07,5.015114858628119e-08,3.3007182233606766e-07,1.0098530030148485
2.6890370605257776,3941931539585.1855,776.3959420172627,1.4698543038491605e+24,1.0498959313208289e+24,1.8898126763774923e+24,1.576295097657745e-08,5123227906.7303095,2073423837.840522,13646060773.019474,1.226889184417287e-07,4.965348658445754e-08,3.2679015411991737e-07,1.00989806416225
2.693775905724564,3934996960019.5244,772.3056779968573,1.4758013587477943e+24,1.054143827676996e+24,1.897458889818593e+24,1.592105545074391e-08,5072351552.663552,2052863908.720172,13510487696.447218,1.214705528003117e-07,4.916112600379694e-08,3.23543506803561e-07,1.0099433387870758
2.6985231021112703,3928074579649.4287,768.2369625946909,1.4817680597898796e+24,1.0584057569927711e+24,1.9051303625869882e+24,1.608062728928502e-08,5022017417.78035,2032522799.0865963,13376360102.162758,1.202651719970475e-07,4.8674005620655366e-08,3.203314752922684e-07,1.0099888648097055
2.703278664403057,3921164377014.277,764.1896822868082,1.4877544682735351e+24,1.0626817630525252e+24,1.9128271734945453e+24,1.6241679308934122e-08,4972219239.127629,2012397984.5802855,13243661287.696838,1.1907262604935618e-07,4.819206498272745e-08,3.1715365960229383e-07,1.0100346124569188
2.708042607343019,3914266330691.204,760.1637241473295,1.49376064569615e+24,1.0669718897829643e+24,1.9205494016093358e+24,1.640422443387064e-08,4922950832.645272,1992486972.6055088,13112374761.048492,1.1789276686395335e-07,4.77152443983735e-08,3.140096647900981e-07,1.0100806092677073
2.712814945700232,3907380419295.0312,756.1589758452988,1.4997866537552015e+24,1.0712761812537154e+24,1.928297126256688e+24,1.6568275696600913e-08,4874206092.079409,1972787301.893096,12982484237.783236,1.1672544821082608e-07,4.724348492614916e-08,3.108991008828572e-07,1.0101268306170288
2.717595694269801,3900506621478.198,752.1753256415504,1.505832554348958e+24,1.0755946816778271e+24,1.936070427020089e+24,1.6733846238849014e-08,4825978987.91127,1953296542.069654,12853973638.17738,1.1557052569758156e-07,4.677672836448924e-08,3.0782158281007577e-07,1.0101732936859527
2.722384867872903,3893644915930.7007,748.2126623855903,1.511898409576828e+24,1.07992743541202e+24,1.9438693837416362e+24,1.6900949312441537e-08,4778263566.305973,1934012293.2347107,12726827084.41014,1.1442785674427294e-07,4.63149172415813e-08,3.047767303363447e-07,1.0102199999744277
2.7271824813568335,3886795281380.022,744.2708755124959,1.517984281741115e+24,1.0842744869579394e+24,1.951694076524291e+24,1.7069598280239346e-08,4731053948.06579,1914932185.5396845,12601028897.772215,1.1329730055833285e-07,4.5857994805283035e-08,3.017641679944934e-07,1.0102669299417584
2.7319885495950538,3879957696591.069,740.3498550398303,1.5240902333469e+24,1.0886358809620713e+24,1.9595445857317286e+24,1.723980661702461e-08,4684344327.614107,1896053878.7790403,12476563595.952787,1.1217871811024143e-07,4.540590501333138e-08,2.9878352502061975e-07,1.0103141114480687
2.736803087487237,3873132140366.1025,736.4494915645737,1.5302163271032105e+24,1.0930116622165789e+24,1.967420991989842e+24,1.7411587910432875e-08,4638128971.983903,1877375061.9837286,12353415890.342728,1.1107197210930305e-07,4.4958592523606414e-08,2.9583443528950894e-07,1.01036153016986
2.7416261099593133,3866318591544.6753,732.5696762600711,1.5363626259236057e+24,1.0974018756597184e+24,1.975323376187493e+24,1.7584955861873508e-08,4592402219.826754,1858893453.022222,12231570683.387846,1.0997692697991429e-07,4.451600268457711e-08,2.9291653725124976e-07,1.0104091982235541
2.7464576319635166,3859517029003.566,728.7103008729955,1.542529192927345e+24,1.1018065663766749e+24,1.983251819478015e+24,1.775992428747507e-08,4547158480.432049,1840606798.206111,12111013065.972801,1.0889344883807648e-07,4.4078081525856346e-08,2.9002947386858576e-07,1.0104571118396923
2.751297668478429,3852727431656.7124,724.8712577203295,1.5487160914401472e+24,1.1062257796001052e+24,1.9912064032801893e+24,1.7936507119028566e-08,4502392232.763608,1822512871.902579,11991728314.850357,1.0782140546832508e-07,4.36447757489206e-08,2.8717289255535197e-07,1.0105052726088943
2.7561462345090333,3845949778455.1455,721.0524396863557,1.5549233849943686e+24,1.1106595607102633e+24,1.9991872092784741e+24,1.811471840491856e-08,4458098024.515575,1804609476.1544895,11873701890.120977,1.0676066630112061e-07,4.321603271801195e-08,2.843464451161177e-07,1.0105536555411254
2.7610033450867513,3839184048386.9263,717.2537402196745,1.5611511373304023e+24,1.1151079552360017e+24,2.007194319424803e+24,1.829457231110106e-08,4414270471.172497,1786894440.3025424,11756919432.727003,1.0571110239033975e-07,4.279180045108963e-08,2.815497876861776e-07,1.0106023311594234
2.7658690152694962,3832430220477.08,713.4750533302258,1.5673994123975573e+24,1.119571008855398e+24,2.0152278159397166e+24,1.8476083122068905e-08,4370904255.088694,1769365620.6146126,11641366761.993778,1.0467258639122862e-07,4.237202761095364e-08,2.787825806726679e-07,1.010651232127456
2.7707432601417175,3825688273787.53,709.7162735863354,1.5736682743547594e+24,1.1240487673962568e+24,2.0232877813132623e+24,1.8659265241825283e-08,4327994124.581272,1752020899.9210434,11527029873.209839,1.0364499253868244e-07,4.19566634965108e-08,2.7604448869661785e-07,1.0107003704551818
2.7756260948144473,3818958187417.033,705.9772961117704,1.5799577875707852e+24,1.1285412768362751e+24,2.0313742983052954e+24,1.884413319484868e-08,4285534893.04032,1734858187.2566566,11413894935.254053,1.0262819662593709e-07,4.154565803420186e-08,2.7333518053612534e-07,1.010749774459123
2.7805175344253485,3812239940501.1157,702.2580165828148,1.5862680166261906e+24,1.1330485833044218e+24,2.0394874499479595e+24,1.9030701627115733e-08,4243521438.040791,1717875417.5034688,11301948288.224152,1.0162207598330066e-07,4.1138961769445344e-08,2.706543290695658e-07,1.0107994297258631
2.78541759413876,3805533512212.0093,698.5583312253582,1.5925990263129604e+24,1.137570733080686e+24,2.0476273195452348e+24,1.921898530706429e-08,4201948700.4831414,1701070551.0448356,11191176441.143541,1.0062650945757389e-07,4.073652585835522e-08,2.6800161122067626e-07,1.0108493538987973
2.790326289145744,3798838881758.585,694.8781368120007,1.5989508816364955e+24,1.1421077725974969e+24,2.0557939906754944e+24,1.9408999126637138e-08,4160811683.73032,1684441573.418565,11081566069.660475,9.964137739138322e-08,4.0338302059433705e-08,2.6537670790345564e-07,1.010899516478039
2.795243634664135,3792156028386.2886,691.2173306591718,1.6053236478157307e+24,1.1466597484398077e+24,2.0639875471916538e+24,1.9600758102273773e-08,4120105452.7709923,1667986494.9798508,10973104013.812328,9.866656160314193e-08,3.9944242725499424e-08,2.6277930396862504e-07,1.0109499298289115
2.8001696459385856,3785484931377.0767,687.5758106242656,1.6117173902837765e+24,1.1512267073455547e+24,2.0722080732219986e+24,1.9794277375930554e-08,4079825133.390447,1651703350.5681026,10865777275.816006,9.770194536719538e-08,3.955430079570875e-08,2.602090881507128e-07,1.0110006169743464
2.8051043382406133,3778825570049.3535,683.9534751027912,1.6181321746896145e+24,1.1558086962068674e+24,2.0804556531723615e+24,1.9989572216136102e-08,4039965911.348222,1635590199.1758091,10759573017.87169,9.674741339412719e-08,3.916842978762588e-08,2.576657530154601e-07,1.0110515688888528
2.8100477268686475,3772177923757.9067,680.3502230255386,1.6245680668982735e+24,1.1604057620701954e+24,2.0887303717263519e+24,2.0186658019014014e-08,4000523031.576469,1619645123.6261456,10654478560.024704,9.580285181156195e-08,3.878658378950233e-08,2.5514899490861733e-07,1.0111027764783964
2.8149998271480783,3765541971893.8423,676.7659538557575,1.6310251329919394e+24,1.1650179521370996e+24,2.0970323138467794e+24,2.0385550309339754e-08,3961491797.3847394,1603866230.2529821,10550481378.04323,9.486814814512184e-08,3.840871745261389e-08,2.5265851390512087e-07,1.0111542520963082
2.819960654431305,3758917693884.5186,673.2005675863506,1.6375034392707744e+24,1.169645313764839e+24,2.1053615647767102e+24,2.0586264741597424e-08,3922867569.678252,1588251648.5863812,10447569101.332724,9.394319129970596e-08,3.803478598372908e-08,2.5019401375914824e-07,1.0112059705244543
2.824930224097781,3752305069193.4883,669.6539647370872,1.6440030522535586e+24,1.1742878944668276e+24,2.1137182100402898e+24,2.078881710103921e-08,3884645766.188708,1572799531.0431142,10345729510.883099,9.302787154107017e-08,3.7664745137697734e-08,2.4775520185495805e-07,1.0112579819995124
2.829908551554061,3745704077320.43,666.126046351825,1.6505240386790358e+24,1.178945741913597e+24,2.1221023354444747e+24,2.099322330477856e-08,3846821860.711647,1557508052.619796,10244950537.234228,9.212208047756379e-08,3.7298551210102335e-08,2.4534178915816893e-07,1.0113102557898281
2.834895652233854,3739114697801.086,662.6167139957483,1.657066465506848e+24,1.1836189039334629e+24,2.1305140270802334e+24,2.119949940287391e-08,3809391382.358563,1542375410.5919862,10145220258.48001,9.12257110422194e-08,3.693616103005221e-08,2.429534901679614e-07,1.0113627881692286
2.839891541598064,3732536910207.2,659.1258697526242,1.6636303999173022e+24,1.1883074285123587e+24,2.1389533713222457e+24,2.1407661579391387e-08,3772349914.82518,1527399824.2197726,10046526898.31617,9.033865747522993e-08,3.657753195313297e-08,2.4059002287032766e-07,1.011415591723372
2.844896235134844,3725970694146.451,655.6534162220679,1.670215909313708e+24,1.1930113637955057e+24,2.1474204548319102e+24,2.161772615355041e-08,3735693095.6570625,1512579534.4522407,9948858824.080416,8.946081530636169e-08,3.622262185432927e-08,2.382511086911381e-07,1.011468673553253
2.8499097483596403,3719416029262.3936,652.1992565168264,1.676823061322377e+24,1.1977307580874121e+24,2.155915364557342e+24,2.182970958080923e-08,3699416615.5383964,1497912803.6413555,9852204544.855103,8.859208133792256e-08,3.587138912117298e-08,2.3593647245070453e-07,1.0115220244871759
2.8549320968152423,3712872895234.391,648.7632942600753,1.683451923793911e+24,1.2024656598527936e+24,2.1644381877350286e+24,2.2043628453999213e-08,3663516217.5840516,1483397915.2570431,9756552709.577972,8.77323536278084e-08,3.5523792646920045e-08,2.336458423185371e-07,1.0115756627037074
2.8599632960718293,3706341271777.5576,645.3454335827299,1.6901025648039008e+24,1.207216117717072e+24,2.1729890118907297e+24,2.2259499504449474e-08,3627987696.645234,1469033173.6078506,9661892105.189653,8.688153147287527e-08,3.5179791823860995e-08,2.3137894976898135e-07,1.0116295571464875
2.865003361727021,3699821138642.6895,641.9455791207686,1.6967750526539223e+24,1.2119821804670873e+24,2.1815679248407572e+24,2.2477339603128883e-08,3592826898.6237965,1454816903.5649939,9568211654.804047,8.603951539251873e-08,3.483934653671257e-08,2.2913552953740326e-07,1.0116837314113667
2.8700523094059243,3693312475616.2046,638.5636360125733,1.7034694558722356e+24,1.216763897051597e+24,2.1901750146928746e+24,2.269716576179048e-08,3558029719.7976136,1440747450.2909193,9475500415.908096,8.520620711251827e-08,3.450241715611738e-08,2.2691531957707842e-07,1.0117381982051785
2.875110154761181,3686815262520.083,635.1995098962838,1.710185843215307e+24,1.2215613165823623e+24,2.198810369848252e+24,2.2918995134149753e-08,3523592106.1518784,1426823178.9701939,9383747578.577988,8.438150954902341e-08,3.416896453219941e-08,2.2471806101647397e-07,1.0117929484257586
2.8801769134730177,3680329479211.8,631.853106907163,1.7169242836680411e+24,1.2263744883343151e+24,2.2074740790017674e+24,2.3142845017032186e-08,3489510052.7264214,1413042474.546888,9292942463.737139,8.356532679292361e-08,3.383894998827497e-08,2.2254349811753182e-07,1.0118479563533103
2.8852526012492943,3673855105584.2646,628.5243336749788,1.7236848464449513e+24,1.2312034617463938e+24,2.216166231143509e+24,2.336873285155911e-08,3455779602.9678793,1399403741.463877,9203074521.428291,8.27575640943343e-08,3.35123353146096e-08,2.203913782342895e-07,1.011903262255978
2.8903372338255524,3667392121565.7593,625.2130973213983,1.730467600991269e+24,1.236048286422335e+24,2.2248869155602033e+24,2.3596676224342224e-08,3422396848.091454,1385905403.4060147,9114133329.109644,8.195812784731246e-08,3.3189082762267673e-08,2.1826145177207659e-07,1.0119588514283349
2.895430826965064,3660940507119.8745,621.9193054573973,1.737272616983705e+24,1.240909012131218e+24,2.2336362218361923e+24,2.3826692868677557e-08,3389357926.453417,1372545903.0475113,9026108589.981426,8.116692557482977e-08,3.286915503706275e-08,2.1615347214744012e-07,1.0120147256740208
2.9005333964588806,3654500242245.451,618.6428661806817,1.7440999643313834e+24,1.245785688808131e+24,2.242414239854636e+24,2.405880066575313e-08,3356659022.93203,1359323701.8030362,8938990131.334251,8.0383865913947e-08,3.255251529359702e-08,2.1406719574859184e-07,1.012070886879634
2.905644958125881,3648071306976.5137,615.3836880731244,1.750949713176778e+24,1.2506783665548413e+24,2.2512210597987146e+24,2.4293017645867906e-08,3324296368.3171606,1346237279.5818565,8852767902.919617,7.960885860119686e-08,3.223912712937361e-08,2.1200238189638543e-07,1.0121273367782855
2.9107655278128233,3641653681382.21,612.1416801982119,1.7578219338968803e+24,1.2555870956406288e+24,2.260056772153132e+24,2.452936198966592e-08,3292266238.707958,1333285134.5455213,8767431975.34334,7.884181445815982e-08,3.192895457899364e-08,2.099587928058433e-07,1.0121840773050406
2.9158951213943896,3635247345566.753,608.9167520985113,1.7647166971040192e+24,1.2605119265028708e+24,2.2689214677051676e+24,2.4767852029374904e-08,3260564954.9199743,1320465782.8692977,8682972538.48388,7.8082645377266e-08,3.162196210844322e-08,2.0793619354827913e-07,1.0122411102396
2.9210337547732403,3628852279669.352,605.7088137931416,1.7716340736466193e+24,1.265452909747585e+24,2.2778152375456534e+24,2.500850625004415e-08,3229188881.9021654,1307777758.507499,8599379899.936466,7.733126430783383e-08,3.131811460947359e-08,2.0593435201403867e-07,1.012298448639414
2.926181443880058,3622468463864.1587,602.5177757752675,1.778574134610605e+24,1.270410096150432e+24,2.2867381730707778e+24,2.5251343290823097e-08,3198134428.158218,1295219612.960618,8516644483.469244,7.658758524221225e-08,3.1017377394024596e-08,2.03953038875528e-07,1.0123560720575477
2.9313382046736027,3616095878360.1987,599.3435490095984,1.7855369513198677e+24,1.2753835366570483e+24,2.295690365982687e+24,2.549638194621252e-08,3167398045.181067,1282789915.0477564,8434756827.514694,7.585152320223868e-08,3.0719716188774867e-08,2.0199202755108664e-07,1.0124139824818128
2.936504053140756,3609734503401.3164,596.1860449299063,1.7925225953376693e+24,1.2803732823840497e+24,2.3046719082912893e+24,2.574364116736162e-08,3136976226.890903,1270487250.6804216,8353707583.670099,7.512299422578074e-08,3.04250971297248e-08,2.0005109416907756e-07,1.0124722207218841
2.941679005296574,3603384319266.109,593.0451754365539,1.799531138467401e+24,1.285379384619572e+24,2.3136828923152298e+24,2.5993140063349983e-08,3106865509.0844545,1258310222.6409018,8273487515.227571,7.440191535354784e-08,3.0133486756889225e-08,1.9813001753268475e-07,1.012530738563501
2.946863077184335,3597045306267.8687,589.9208528940371,1.8065626527538693e+24,1.2904018948241924e+24,2.3227234106835465e+24,2.624489790250453e-08,3077062468.8891163,1246257450.3625875,8194087495.719244,7.368820461601888e-08,2.984485200903656e-08,1.9622857908507412e-07,1.0125895546002937
2.952056284875591,3590717444754.519,586.8129901285391,1.8136172104836488e+24,1.2954408646311777e+24,2.3317935563361201e+24,2.649893411368589e-08,3047563724.2297516,1234327569.71526,8115498507.492482,7.29817810206735e-08,2.9559160218547065e-08,1.9434656287527314e-07,1.012648687614443
2.957258644470216,3584400715108.5557,583.7215004254982,1.8206948841869503e+24,1.3004963458478216e+24,2.3408934225260792e+24,2.675526828764839e-08,3018365933.2956514,1222519232.790803,8037711640.290003,7.2282564539227e-08,2.927637910628111e-08,1.9248375552416832e-07,1.0127081227142616
2.9624701720964572,3578095097746.985,580.6462975271883,1.827795746637972e+24,1.3055683904556943e+24,2.35002310282025e+24,2.7013920178348307e-08,2989465794.022386,1210831107.694311,7960718089.8651085,7.159047609522196e-08,2.8996476776576747e-08,1.9063994619134327e-07,1.0127678561989277
2.9676908839109837,3571800573121.263,577.5872956303131,1.834919870855953e+24,1.310657050611395e+24,2.3591826911005112e+24,2.727490970429607e-08,2960860043.5770946,1199261878.3372715,7884509156.610661,7.09054375517021e-08,2.87194217122969e-08,1.8881492654224604e-07,1.0128279069666646
2.9729207960989372,3565517121717.2373,574.5444093836107,1.842067330106809e+24,1.3157623786477209e+24,2.3683722815658976e+24,2.7538256949934163e-08,2932545457.8495555,1187810244.232478,7809076244.199815,7.022737169902477e-08,2.8445182769918048e-08,1.870084907156379e-07,1.0128882656666793
2.9781599248739825,3559244724055.0815,571.5175538854731,1.8492381979034241e+24,1.3208844270738744e+24,2.377591968732974e+24,2.7803982166981444e-08,2904518850.955328,1176474920.2941713,7734410858.260386,6.955620224296229e-08,2.81737291747441e-08,1.8522043529184767e-07,1.0129489230261364
2.9834082864783578,3552983360689.2393,568.5066446815766,1.8564325480068798e+24,1.3260232485763428e+24,2.386841847437417e+24,2.8072105775821486e-08,2876777074.7422724,1165254636.6392794,7660504605.05906,6.889185379288437e-08,2.790503051614652e-08,1.8345055926126166e-07,1.0130099092479892
2.9886658971829245,3546733012208.362,565.5115977625256,1.8636504544278567e+24,1.3311788960198977e+24,2.396122012835816e+24,2.8342648366909263e-08,2849317018.303391,1154148138.3915682,7587349190.201504,6.823425185009175e-08,2.763905674287429e-08,1.8169866399319464e-07,1.0130712094743066
2.9939327732872174,3540493659235.25,562.5323295615095,1.8708919914273357e+24,1.3363514224480968e+24,2.4054325604065745e+24,2.861563070216261e-08,2822135607.499303,1143154185.4891758,7514936417.357585,6.758332279638071e-08,2.7375778158444764e-08,1.7996455320536187e-07,1.0131328313049763
2.9992089311194956,3534265282426.7915,559.5687569519699,1.878157233517593e+24,1.341540881083995e+24,2.4147735859511913e+24,2.8891073716377312e-08,2795229804.486118,1132271552.4947333,7443258187.002597,6.693899388273678e-08,2.711516541659652e-08,1.7824803293373432e-07,1.0131947711517169
3.0044943870367944,3528047862473.9023,556.6207972452812,1.8854462554636613e+24,1.3467473253311867e+24,2.424145185596136e+24,2.9168998518669075e-08,2768596607.248488,1121499028.4073339,7372306495.170946,6.630119321815236e-08,2.6857189516786508e-08,1.765489115026927e-07,1.0132570140168524
3.009789157424974,3521841380101.4663,553.6883681884442,1.8927591322838537e+24,1.3519708087741812e+24,2.4335474557935265e+24,2.9449426393896365e-08,2742233049.1422057,1110835416.478457,7302073432.236154,6.566984975867317e-08,2.6601821799781858e-08,1.748669994958113e-07,1.0133195788650724
3.0150932586987707,3515645816068.277,550.7713879617911,1.9000959392511117e+24,1.3572113851793657e+24,2.442980493322858e+24,2.9732378804121185e-08,2716136198.44066,1100279534.0293727,7232551181.700624,6.504489329653691e-08,2.634903394328716e-08,1.73202109726876e-07,1.0133824907309517
3.020406707301849,3509461151166.975,547.8697751767019,1.907456751894405e+24,1.3624691084960035e+24,2.4524443952928066e+24,3.001787739008819e-08,2690303157.887145,1089830212.2709465,7163732019.001373,6.442625444945216e-08,2.609879795762922e-08,1.7155405721128432e-07,1.0134457173925586
3.025729519706852,3503287366223.9917,544.9834488733335,1.9148416459989668e+24,1.367744032856405e+24,2.461939259141529e+24,3.030594397266725e-08,2664731064.2578173,1079486296.1276915,7095608310.343933,6.381386465013223e-08,2.585108618154354e-08,1.6992265913812014e-07,1.0135092552396743
3.031061712415451,3497124442099.4873,542.1123285183621,1.9222506976082228e+24,1.3730362125773021e+24,2.471465182639144e+24,3.059660055437737e-08,2639417087.9244843,1069246644.0618019,7028172511.53595,6.320765613582503e-08,2.560587127796034e-08,1.6830773484222134e-07,1.0135731578825362
3.0364033019583987,3490972359687.2935,539.2563340027347,1.929683983024784e+24,1.37834570216056e+24,2.4810222638890084e+24,3.088986932088526e-08,2614358432.4269648,1059110127.9009708,6961417166.846414,6.260756193807215e-08,2.536312622988124e-08,1.6670910577686106e-07,1.0136373529045455
3.0417543048955804,3484831099914.8516,536.4153856394341,1.9371415788107993e+24,1.383672556293428e+24,2.4906106013281706e+24,3.1185772642489485e-08,2589552334.0535946,1049075632.6695331,6895334907.886217,6.201351587266291e-08,2.5122824336335478e-08,1.6512659548693974e-07,1.0137018940843672
3.047114737816063,3478700643743.157,533.5894041612571,1.9446235617897065e+24,1.3890168298497903e+24,2.500230293729623e+24,3.148433307567526e-08,2564996061.4225693,1039142056.4199419,6829918452.491544,6.142545252960865e-08,2.4884939208344242e-08,1.6356002958224506e-07,1.0137667662607517
3.05248461733815,3472580972166.6963,530.7783107185999,1.9521300090475203e+24,1.394378577891086e+24,2.509881440203955e+24,3.178557336465994e-08,2540686915.0710807,1029308310.0673445,6765160603.62752,6.084330726330343e-08,2.4649444764959148e-08,1.6200923571119696e-07,1.013831983216365
3.057863960109429,3466472066213.3926,527.9820268772613,1.9596609979334164e+24,1.399757855666726e+24,2.519564140200107e+24,3.208951644292768e-08,2516622227.0520296,1019573317.2272434,6701054248.312422,6.026701618286635e-08,2.4416315229374566e-08,1.6047404353508504e-07,1.0138975297385373
3.0632527828068272,3460373906944.5415,525.2004746162517,1.9672166060610756e+24,1.4051547186150542e+24,2.5292784935070976e+24,3.239618543480305e-08,2492799360.5341682,1009936014.0545287,6637592356.550855,5.969651614256589e-08,2.418552512507292e-08,1.5895428470252085e-07,1.0139634311102355
3.0686511021366596,3454286475454.758,522.4335763256179,1.97479691130997e+24,1.4105692223642643e+24,2.5390246002556757e+24,3.270560365703887e-08,2469215709.407733,1000395349.0846889,6574767980.281673,5.913174473237578e-08,2.3957049272021987e-08,1.5744979282424303e-07,1.0140296547928873
3.0740589348346834,3448209752871.913,519.6812548042765,1.9824019918262399e+24,1.4160014227330286e+24,2.5488025609194514e+24,3.301779462039809e-08,2445868697.8969917,990950283.0778575,6512574252.3444,5.8572640268696455e-08,2.3730862782940255e-08,1.5596040344836554e-07,1.0140962320048084
3.0794762976661496,3442143720357.0776,516.9434332578601,1.9900319260240374e+24,1.4214513757314554e+24,2.55861247631662e+24,3.33327820312691e-08,2422755780.1765833,981599788.8643285,6451004385.455482,5.801914178516728e-08,2.3506941059597355e-08,1.544859540358615e-07,1.0141631533481519
3.0849032074258527,3436088359104.4653,514.2200352965756,1.9976867925864634e+24,1.4269191375617595e+24,2.5684544476111673e+24,3.365058979327705e-08,2399874439.9944396,972342851.192759,6390051671.2026005,5.7471189023636484e-08,2.3285259789178876e-08,1.5302628393647952e-07,1.0142304326155374
3.090339680938185,3430043650341.371,511.5109849330715,2.0053666704672029e+24,1.4324047646194308e+24,2.578328576314975e+24,3.397124200893929e-08,2377222190.2976847,963178466.5795485,6329709479.046452,5.692872242520235e-08,2.3065794940679408e-08,1.5158123436483833e-07,1.0142980488871287
3.0957857350571896,3424009575328.114,508.81620658031795,2.013071638891285e+24,1.437908313493775e+24,2.5882349642887954e+24,3.429476298129405e-08,2354796572.8665943,954105643.1614724,6269971255.344252,5.6391683121447387e-08,2.284852276137342e-08,1.501506483770425e-07,1.0143660042416323
3.101241386666609,3417986115357.981,506.1356250494987,2.020801777355844e+24,1.44342984096846e+24,2.598173713743228e+24,3.4621177215548414e-08,2332595157.9530697,945123400.5501298,6210830522.385367,5.586001292578069e-08,2.263341977332967e-08,1.4873437084758794e-07,1.0144343301952228
3.106706652679941,3411973251757.166,503.4691655479118,2.0285571656323974e+24,1.448969404023141e+24,2.608144927241654e+24,3.495050942079898e-08,2310615543.9200816,936230769.6867636,6152280877.429312,5.533365432480348e-08,2.242046276993447e-08,1.4733224844632428e-07,1.0145029998151553
3.1121815500404892,3405970965884.717,500.8167536768845,2.0363378837671388e+24,1.4545270598336706e+24,2.6181487077006073e+24,3.528278451168394e-08,2288855356.8917027,927426792.7013806,6094315991.772277,5.4812550469928246e-08,2.2209628812517988e-08,1.4594412961610055e-07,1.0145720329269865
3.1176660957214164,3399979239132.47,498.17831542969543,2.0441440120823422e+24,1.4601028657731017e+24,2.628185158391583e+24,3.561802761009854e-08,2267312250.404535,918710522.7723674,6036929609.817041,5.4296645169031244e-08,2.2000895226992355e-08,1.445698645504917e-07,1.0146414259815337
3.1231603067257967,3393998052925.0,495.5537771895112,2.05197563117823e+24,1.4656968794130215e+24,2.638254382943439e+24,3.5956264046943684e-08,2245983905.0627904,910081023.9876593,5980115548.152962,5.378588287819255e-08,2.179423960052702e-08,1.432093051717667e-07,1.0147111754080846
3.1286642000866687,3388027388719.5576,492.94306572733166,2.0598328219326247e+24,1.4713091585233033e+24,2.648356485341946e+24,3.629751936378963e-08,2224868028.204337,901537371.2102509,5923867694.665033,5.328020869369863e-08,2.158963977832803e-08,1.418623051095526e-07,1.0147812835678451
3.134177792867088,3382067228006.014,490.3461081999466,2.0677156655039282e+24,1.4769397610742345e+24,2.658491569933622e+24,3.6641819314704805e-08,2203962353.5618095,893078649.9417415,5868180007.629812,5.277956834392677e-08,2.1387073860370307e-08,1.4052871967918412e-07,1.0148517645236834
3.13970110216018,3376117552306.8037,487.76283214790436,2.0756242433312986e+24,1.4825887452366418e+24,2.6686597414259555e+24,3.6989189867971726e-08,2183264640.9363394,884703956.1909742,5813046514.8450165,5.228390818153176e-08,2.118652019825183e-08,1.3920840586085967e-07,1.0149226029794234
3.145234145089192,3370178343176.866,485.1931654934887,2.0835586371361102e+24,1.4882561693829358e+24,2.6788611048892846e+24,3.73396572078761e-08,2162772675.8720527,876412396.342988,5758461312.761296,5.179317517565078e-08,2.098795739205539e-08,1.3790122227884936e-07,1.0149938130371736
3.15077693880755,3364249582203.588,482.63703653870806,2.0915189289233577e+24,1.4939420920881128e+24,2.689095765758603e+24,3.769324773651073e-08,2142484269.335054,868203087.0297137,5704418565.625802,5.130731690421599e-08,2.0791364287252048e-08,1.3660702918098556e-07,1.015065388320553
3.1563295004989067,3358331251006.749,480.0943739632957,2.0995052009825614e+24,1.499646572130401e+24,2.699363829834722e+24,3.804998807556413e-08,2122397257.3985116,860075155.0032266,5650912504.641791,5.082628154641297e-08,2.059671997166586e-08,1.353256884185374e-07,1.0151373489109148
3.1618918473771984,3352423331238.4614,477.5651068227194,2.1075175358893456e+24,1.5053696684923897e+24,2.709665403286302e+24,3.840990506816464e-08,2102509500.929684,852027737.0096289,5597937427.13423,5.035001787518577e-08,2.0404003772453645e-08,1.340570634262291e-07,1.0152096705502405
3.167463996686697,3346525804583.1157,475.04916454620167,2.1155560165066666e+24,1.5111114403619048e+24,2.7200005926514287e+24,3.877302578071879e-08,2082818885.2824235,844059979.6653786,5545487695.729406,4.987847524987322e-08,2.0213195253143383e-08,1.3280101920259357e-07,1.0152823645288067
3.173045965702063,3340638652757.3237,472.5464769347514,2.123620725985601e+24,1.516871947132572e+24,2.73036950483863e+24,3.9139377504743156e-08,2063323319.9949772,836171039.3354607,5493557737.548477,4.941160360897185e-08,2.00242742107167e-08,1.3155742229065987e-07,1.0153554571637655
3.1786377717284013,3334761857509.858,470.0569741592042,2.131711747767772e+24,1.5226512484055515e+24,2.740772247129993e+24,3.950898775878827e-08,2044020738.487788,828360082.0117584,5442142043.401393,4.894935346289903e-08,1.983722067269615e-08,1.3032614075864964e-07,1.0154289210910763
3.1842394321013114,3328895400621.6025,467.5805867582754,2.1398291655852628e+24,1.5284494039894734e+24,2.751208927181052e+24,3.9881884290268426e-08,2024909097.7712138,820626283.195352,5391235167.007412,4.8491675886993607e-08,1.9652014894326553e-08,1.2910704418131028e-07,1.0155027527045162
3.189850964186945,3323039263905.4893,465.11724563662034,2.1479730634626013e+24,1.5342664739018582e+24,2.761679653023345e+24,4.0258095077392927e-08,2005986378.152623,812968827.7785658,5340831724.213622,4.80385225145014e-08,1.946863735575032e-08,1.2790000362120055e-07,1.015576987485533
3.195472385382057,3317193429206.4434,462.66688206290735,2.1561435257182537e+24,1.5401025183701813e+24,2.772184533066326e+24,4.063764833109621e-08,1987250582.9484088,805386909.9289929,5290926392.226609,4.7589845529678804e-08,1.9287068759230125e-08,1.2670489161029068e-07,1.0156516039222823
3.201103713114059,3311357878401.333,460.22942766790123,2.164340636965558e+24,1.5459575978325414e+24,2.7827236760985747e+24,4.1020572496959706e-08,1968699738.2010894,797879732.975572,5241513908.857963,4.714559766101789e-08,1.9107290026420695e-08,1.2552158213189422e-07,1.0157266014845634
3.206744964841077,3305532593398.9033,457.80481444255315,2.1725644821139517e+24,1.551831772938537e+24,2.793297191289367e+24,4.140689625715886e-08,1950331892.3997164,790446509.2960068,5192589071.778386,4.670573217455096e-08,1.8929282295672812e-08,1.243499506028058e-07,1.015801997786707
3.212396158052002,3299717556139.7266,455.3929747361045,2.180815146371048e+24,1.5577251045507485e+24,2.8039051881913474e+24,4.179664853246927e-08,1932145116.2020333,783086460.2048491,5144146737.776463,4.6270202867196846e-08,1.8753026919353144e-08,1.2318987385555015e-07,1.0158777862583936
3.218057310266545,3293912748596.1475,452.99384125420005,2.1890927152427213e+24,1.563637653744801e+24,2.814547776740642e+24,4.218985848419453e-08,1914137502.1648204,775798815.8449329,5096181822.03944,4.583896406030337e-08,1.857850546124438e-08,1.2204123012115895e-07,1.0159539634998433
3.2237284390352925,3288118152772.2207,450.6073470570083,2.197397274535536e+24,1.5695694818110972e+24,2.825225067259975e+24,4.258655551622282e-08,1896307164.4725983,768582815.0781051,5048689297.429469,4.541197059315042e-08,1.8405699693928473e-08,1.2090389901183822e-07,1.0160305441115207
3.2294095619397587,3282333750703.6626,448.2334255573562,2.205728910357767e+24,1.575520650255548e+24,2.835937170459986e+24,4.298676927703335e-08,1878652238.6731148,761437705.3786868,5001664193.778059,4.498917781661552e-08,1.8234591596235312e-08,1.1977776150407239e-07,1.0161075277090685
3.235100696592443,3276559524457.79,445.87201051886893,2.2140877091206863e+24,1.5814912208004902e+24,2.8466841974408826e+24,4.3390529661728324e-08,1861170881.4159396,754362742.7282275,4955101597.18848,4.4570541586913786e-08,1.806516335072233e-08,1.1866269992191843e-07,1.0161849077411598
3.240801860636884,3270795456133.4653,443.52303605412243,2.2224737575396746e+24,1.587481255385482e+24,2.857466259693868e+24,4.3797866814081926e-08,1843861270.194517,747357191.5115875,4908996649.348375,4.415601825942072e-08,1.7897397341185922e-08,1.1755859792054467e-07,1.0162626897840012
3.2465130717477084,3265041527861.0474,441.18643662280743,2.2308871426363248e+24,1.5934908161688035e+24,2.8682834691038463e+24,4.4208811128645007e-08,1826721603.0900438,740420324.4138063,4863344546.845754,4.374556468253873e-08,1.7731276150191717e-08,1.1646534046985044e-07,1.0163408796546365
3.2522343476306967,3259297721802.3247,438.86214702989633,2.2393279517390553e+24,1.5995199655278968e+24,2.879135937950214e+24,4.462339325280406e-08,1809750098.521446,733551422.3194125,4818140540.502582,4.3339138191709635e-08,1.756678255666327e-08,1.1538281383850712e-07,1.0164194676860447
3.257965706022828,3253564020150.4707,436.5501024238282,2.24779627248469e+24,1.605568766060493e+24,2.8900237789088874e+24,4.504164408889612e-08,1792944994.9970193,726749774.2123697,4773379934.711996,4.2936696603467066e-08,1.7403899533486016e-08,1.1431090557808614e-07,1.0164984748369983
3.2637071646923403,3247840405129.9834,434.2502382946972,2.256292192820385e+24,1.6116372805859894e+24,2.900947105054781e+24,4.546359479636525e-08,1776304550.8684633,720014677.0770478,4729058086.782426,4.253819820954621e-08,1.7242610245135774e-08,1.1324950450735215e-07,1.0165779100170271
3.269458741438785,3242126858996.6294,431.9624904724529,2.2648158010044786e+24,1.617725572146056e+24,2.911906029862901e+24,4.588927679388042e-08,1759827044.0904567,713345435.8013585,4685170406.296039,4.214360177112618e-08,1.7082898045359076e-08,1.1219850069689949e-07,1.0166577421523308
3.2752204540930783,3236423364037.3936,429.68679512511073,2.2733671856079206e+24,1.6238337040056577e+24,2.922900667210184e+24,4.6318721761502e-08,1743510771.9821632,706741363.0807174,4641712354.472788,4.175286651311868e-08,1.6924746474873298e-08,1.1115778545392253e-07,1.016737995432654
3.280992320517563,3230729902570.419,427.4230887569695,2.2819464355161751e+24,1.629961739654411e+24,2.9339311313779397e+24,4.675196164288775e-08,1727354050.991115,700201779.3229314,4598679443.540382,4.136595211851359e-08,1.676813925908892e-08,1.1012725130712802e-07,1.0168186694577859
3.28677435860606,3225046456944.955,425.17130820684093,2.290553639930095e+24,1.6361097428072106e+24,2.9449975370529795e+24,4.718902864747101e-08,1711355216.4619813,693726012.555078,4556067236.11761,4.09828187228415e-08,1.661306030587954e-08,1.0910679199196725e-07,1.0168997701527822
3.2925665862839213,3219373009541.3022,422.93139064628735,2.2991888883677645e+24,1.6422777774055462e+24,2.9560999993299834e+24,4.762995525269551e-08,1695512622.4069486,687313398.3310028,4513871344.601824,4.06034269086749e-08,1.6459493703366644e-08,1.0809630243596771e-07,1.0169812847929045
3.2983690215080923,3213709542770.757,420.7032735778675,2.307852270665756e+24,1.6484659076183972e+24,2.967238633713115e+24,4.8074774206253826e-08,1679824641.2797098,680963279.6403029,4472087430.566044,4.022773770021579e-08,1.630742371773998e-08,1.0709567874429523e-07,1.0170632253571428
3.3041816822671604,3208056039075.558,418.48689483339444,2.316543876980531e+24,1.6546741978432366e+24,2.978413556117826e+24,4.8523518528339074e-08,1664289663.7526183,674675006.818554,4430711204.164583,3.985571255795897e-08,1.6156834791107736e-08,1.0610481818552007e-07,1.0171455946707932
3.310004586581415,3202412480928.831,416.2821925721996,2.3252637977902266e+24,1.6609027127073047e+24,2.9896248828731484e+24,4.897622151394443e-08,1648906098.4957838,668447937.4583329,4389738423.543745,3.948731337340204e-08,1.60077115393657e-08,1.0512361917750462e-07,1.0172284078807627
3.3158377525029055,3196778850834.533,414.0891052794071,2.3340121238960546e+24,1.6671515170686105e+24,3.000872730723499e+24,4.9432916735155555e-08,1633672371.9600127,662281436.3217902,4349164894.262859,3.912250246384724e-08,1.586003875010364e-08,1.041519812735386e-07,1.0173116306332188
3.321681198115488,3191155131327.4043,411.90757176421977,2.3427889464230926e+24,1.6734206760164948e+24,3.012157216829691e+24,4.989363804343587e-08,1618586928.1634393,656174875.2547075,4308986468.725293,3.876124256729184e-08,1.5713801380547125e-08,1.031898051487131e-07,1.0173953060932825
3.3275349415348927,3185541304972.905,409.7375311582085,2.3515943568230909e+24,1.6797102548736365e+24,3.0234784587725455e+24,5.0358419572032886e-08,1603648228.4776227,650127633.1003256,4269199045.6073937,3.84034968373057e-08,1.5568984555493984e-08,1.0223699258624527e-07,1.0174794341301814
3.3333990009087717,3179937354367.168,407.57892291361685,2.3604284468750244e+24,1.686020319196446e+24,3.034836574553603e+24,5.0827295738291354e-08,1588854751.4201896,644139095.6158222,4229798569.3062162,3.804922883806549e-08,1.542557356531409e-08,1.0129344646425252e-07,1.0175639707023691
3.3392733944167605,3174343262136.9424,405.4316868016693,2.3692913086866158e+24,1.6923509347761543e+24,3.0462316825970776e+24,5.130030124603013e-08,1574204992.4487092,638208655.3892897,4190781029.388991,3.769840253941853e-08,1.5283553863961205e-08,1.0035907074256878e-07,1.0176489624268272
3.345158140270532,3168759010939.539,403.29576291089205,2.378183034696526e+24,1.6987021676403758e+24,3.057663901752677e+24,5.177747108797793e-08,1559697463.7560885,632335711.7572981,4152142460.0476255,3.735098231198307e-08,1.514291106699882e-08,9.943377044968111e-08,1.017734406011711
3.3510532567138513,3163184583462.7812,401.1710916454418,2.387103717675202e+24,1.705074084053716e+24,3.0691333512966887e+24,5.225884054816448e-08,1545330694.070668,626519670.7243878,4113878939.565611,3.700693292236093e-08,1.5003630949672186e-08,9.851745166996332e-08,1.0178203107034232
3.3569587620226367,3157619962424.943,399.0576137234415,2.3960534507269807e+24,1.711466750519272e+24,3.0806401509346897e+24,5.274444520438749e-08,1531103228.4572344,620759944.882893,4075986589.787048,3.666621952837236e-08,1.4865699444988283e-08,9.761002153096045e-08,1.0179066447145797
3.3628746745050115,3152065130574.7026,396.9552701753277,2.4050323272910837e+24,1.7178802337793456e+24,3.092184420802822e+24,5.323432093064964e-08,1517013628.1221435,615055953.334446,4038461575.5969667,3.6328807674389126e-08,1.4729102641836041e-08,9.67113881909438e-08,1.017993436339473
3.3688010125013648,3146520070691.087,394.8640023422043,2.4140404411436625e+24,1.7243146008169017e+24,3.103766281470423e+24,5.3728503899669455e-08,1503060470.219425,609407121.6118733,4001300104.4042377,3.5994663286691226e-08,1.4593826783115931e-08,9.582146082652772e-08,1.0180806884578633
3.3747377943844072,3140984765583.4155,392.78375187420556,2.4230778863993767e+24,1.7307699188566977e+24,3.115385853942056e+24,5.422703058538799e-08,1489242347.6601758,603812881.6023972,3964498425.632755,3.566375266890231e-08,1.4459858263900845e-08,9.494014962048481e-08,1.0181683914947404
3.3806850385592244,3135459198091.2524,390.71446072887005,2.432144757512622e+24,1.7372462553661587e+24,3.1270432596590857e+24,5.4729937765484305e-08,1475557868.9247713,598272671.471994,3928052830.2212276,3.53360424974926e-08,1.4327183629624644e-08,9.406736574976711e-08,1.0182565546243127
3.3866427634633403,3129943351084.3467,388.65607116951827,2.4412411492792545e+24,1.7437436780566104e+24,3.138738620501899e+24,5.523726252392442e-08,1462005657.8771574,592785935.5905818,3891959650.127255,3.5011499817331616e-08,1.4195789574290589e-08,9.32030213736298e-08,1.018345184165199
3.3926109875667683,3124437207462.586,386.60852576364425,2.4503671568386064e+24,1.7502622548847189e+24,3.1504720587924943e+24,5.574904225356692e-08,1448584353.5806463,587352124.4578011,3856215257.836271,3.469009203727695e-08,1.4065662938693979e-08,9.234702962187178e-08,1.0184342831097217
3.398589729372073,3118940750155.9385,384.57176738131136,2.4595228756744234e+24,1.7568020540531597e+24,3.1622436972956874e+24,5.626531465871617e-08,1435292610.1180725,581970694.6305748,3820816065.881772,3.4371786925867445e-08,1.3936790708687362e-08,9.149930458334613e-08,1.0185238482698145
3.4045790074144255,3113453962124.4,382.5457391935589,2.468708401617434e+24,1.763363144012453e+24,3.1740536592224153e+24,5.678611775779634e-08,1422129096.4117012,576795212.0514071,3785758526.365014,3.4056552607010394e-08,1.3812850417212543e-08,9.065976129445813e-08,1.0186138889336498
3.41057884026166,3107976826357.947,380.5303846708174,2.47792383084579e+24,1.7699455934612786e+24,3.1859020682303017e+24,5.731148988592562e-08,1409092496.0486062,571668629.7909044,3751039130.489244,3.3744357555799805e-08,1.3690081170110075e-08,8.982831572801113e-08,1.018704385974082
3.416589246514333,3102509325876.476,378.5256475813295,2.487169259887754e+24,1.776549471348396e+24,3.197789048427113e+24,5.784146969763843e-08,1396181507.10511,566590014.7732586,3716654408.0914116,3.3435170594312153e-08,1.356846062247089e-08,8.900488478199226e-08,1.0187953711614444
3.4226102448057825,3097051443729.7554,376.5314719895819,2.496444785622929e+24,1.7831748468735207e+24,3.2097147243723377e+24,5.8376096169552726e-08,1383394841.9754725,561558888.444207,3682600927.185307,3.3128960887503896e-08,1.3447977314077727e-08,8.818938626863169e-08,1.0188868285693031
3.4286418538021795,3091603162997.3745,374.54780225474605,2.5057505052839505e+24,1.7898217894885362e+24,3.2216792210793654e+24,5.891540860308248e-08,1370731227.2022183,556574777.3803295,3648875293.508931,3.2825697939148195e-08,1.3328619907584594e-08,8.738173890356312e-08,1.0189787804172363
3.434684092202594,3086164466788.686,372.5745830291227,2.5150865164583016e+24,1.796490368898787e+24,3.233682664017817e+24,5.945944662717802e-08,1358189403.308548,551637213.2295839,3615474150.077543,3.25253515878216e-08,1.3210377187092728e-08,8.658186229512048e-08,1.0190711978964835
3.4407369787390483,3080735338242.756,370.6117592565999,2.5244529170898014e+24,1.8031806550641438e+24,3.245725179115459e+24,6.000825020107875e-08,1345768124.633163,546745732.6526932,3582394176.743091,3.2227892002948496e-08,1.3093238056746982e-08,8.578967693378735e-08,1.0191641259542366
3.4468005321765727,3075315760528.316,368.6592761711171,2.53384980548071e+24,1.8098927182005074e+24,3.2578068927609134e+24,6.056185961712105e-08,1333466159.1665034,541899877.2650017,3549632089.757489,3.1933289680879396e-08,1.29771915393434e-08,8.500510418173842e-08,1.0192575259205212
3.4528747713132715,3069905716843.701,366.7170792951345,2.543277280292899e+24,1.816626628780642e+24,3.269927931805156e+24,6.112031550350917e-08,1321282288.390458,537099193.5795809,3517184641.345011,3.164151544105238e-08,1.2862226774966753e-08,8.422806626259938e-08,1.0193514203534242
3.458959714980373,3064505190416.8096,364.7851144381162,2.5527354405499825e+24,1.8233824575357018e+24,3.2820884235642634e+24,6.168365882718104e-08,1309215307.118545,532343232.9504584,3485048619.276059,3.135254042216581e-08,1.274833301963099e-08,8.34584862512398e-08,1.0194458028650424
3.465055382042292,3059114164505.0405,362.86332769501615,2.562224385639044e+24,1.8301602754564598e+24,3.294288495821628e+24,6.225193089665909e-08,1297264023.3390322,527631551.5168827,3453220846.448762,3.1066336078421437e-08,1.2635499643944547e-08,8.269628806375329e-08,1.0195406863023604
3.4711617913966912,3053732622395.2466,360.95166544477394,2.5717442153123577e+24,1.8369601537945412e+24,3.306528276830174e+24,6.282517336493565e-08,1285427258.059841,522963710.14821875,3421698180.475283,3.0782874175810236e-08,1.2523716131790696e-08,8.194139644755068e-08,1.0196360871499794
3.477278961974531,3048360547403.6855,359.05007434882106,2.5812950296890295e+24,1.8437821640635924e+24,3.3188078953144666e+24,6.340342823237839e-08,1273703845.1555352,518339274.3895716,3390477513.2737637,3.050212678844814e-08,1.241297207902538e-08,8.119373697158795e-08,1.0197319792870327
3.4834069127401377,3042997922875.96,357.1585013495893,2.5908769292568355e+24,1.8506263780405968e+24,3.3311274804730746e+24,6.398673784965997e-08,1262092631.2162752,513757814.4080858,3359555770.665377,3.0224066294958896e-08,1.2303257192191217e-08,8.045323601671677e-08,1.0198283726445985
3.4895456626912553,3037644732186.9756,355.2768936690335,2.600490014874354e+24,1.857492867767396e+24,3.3434871619813126e+24,6.457514492075105e-08,1250592475.3979495,509218904.93963915,3328929911.974709,2.9948665374885005e-08,1.2194561287240924e-08,7.971982076611447e-08,1.0199252671919468
3.4956952308591087,3032300958740.881,353.40519880715675,2.6101343877719057e+24,1.8643817055513613e+24,3.3558870699924504e+24,6.516869250584693e-08,1239202249.2760286,504722125.2369144,3298596929.6399927,2.9675897005187972e-08,1.2086874288293784e-08,7.899341919595019e-08,1.0200226891829949
3.5018556363084627,3026966585971.0195,351.543364540546,2.6198101495545883e+24,1.871292963967563e+24,3.368327335141614e+24,6.576742402445867e-08,1227920836.698577,500267059.01699716,3268553848.8207607,2.9405734456728202e-08,1.198018622638073e-08,7.8273960065989e-08,1.0201206191923329
3.5080268981376754,3021641597339.883,349.6913389209166,2.629517402202981e+24,1.8782267158592723e+24,3.38080808854669e+24,6.637138325838778e-08,1216747133.6438897,495853294.41086453,3238797727.0187664,2.9138151290855822e-08,1.1874487238234722e-08,7.756137291051403e-08,1.0202190835444118
3.5142090354787663,3016325976339.05,347.8490702736599,2.6392562480758906e+24,1.8851830343399218e+24,3.3933294618118594e+24,6.69806143548463e-08,1205680048.0776763,491480423.91241986,3209325653.6964884,2.887312135599053e-08,1.1769767565070246e-08,7.685558802919038e-08,1.0203180429483054
3.5204020674974665,3011019706489.1445,346.01650719640463,2.6490267899114044e+24,1.8921619927938603e+24,3.4058915870289486e+24,6.759516182950215e-08,1194718499.813941,487148044.329039,3180134749.906377,2.861061878429003e-08,1.1666017551399029e-08,7.615653647818666e-08,1.0204175238111544
3.526606013393286,3005722771339.78,344.19359855758,2.658829130829345e+24,1.8991636648781036e+24,3.4184945967805866e+24,6.821507056964155e-08,1183861420.3759773,482855756.73203725,3151222167.9200583,2.8350617988321177e-08,1.1563227643843837e-08,7.546415006129523e-08,1.020517556109724
3.53282089239957,3000435154469.5054,342.38029349499027,2.6686633743330225e+24,1.9061881245235876e+24,3.431138624142458e+24,6.884038583730826e-08,1173107752.860048,478603166.4081203,3122585090.8647904,2.809309365779548e-08,1.1461388389975837e-08,7.477836132122616e-08,1.0206181003762653
3.539046723783554,2995156839485.7646,340.57654141439644,2.6785296243109915e+24,1.9132354459364226e+24,3.4438238026855606e+24,6.947115327247247e-08,1162456451.800735,474389882.8114088,3094220732.3642845,2.7838020756344492e-08,1.1360490437165708e-08,7.409910353100588e-08,1.0207191832175355
3.545283526846433,2989887810024.8335,338.7822919881023,2.688427985039034e+24,1.9203057035993102e+24,3.4565502664787583e+24,7.01074188962468e-08,1151906483.0376563,470215519.5159441,3066126336.1833305,2.7585374518328073e-08,1.1260524531446265e-08,7.342631068546673e-08,1.0208207948665253
3.551531320923412,2984628049751.7783,336.9974951535532,2.698358561182065e+24,1.9273989722729037e+24,3.469318150091227e+24,7.074922911411784e-08,1141456823.5840816,466079694.16884977,3038299175.87729,2.7335130445688002e-08,1.1161481516390797e-08,7.275991749285319e-08,1.0209229422824122
3.5577901253837734,2979377542360.3984,335.222101111936,2.7083214577962005e+24,1.934515326997286e+24,3.482127588595115e+24,7.139663071921779e-08,1131106461.497013,461982028.44400394,3010736554.4456625,2.7087264304836743e-08,1.1063352332003617e-08,7.20998593665257e-08,1.021025625676156
3.5640599596309324,2974136271573.18,333.4560603267918,2.718316780330254e+24,1.9416548430930387e+24,3.49497871756747e+24,7.204967089559053e-08,1120854395.7494433,457922147.9965109,2983435803.991449,2.6841752123598336e-08,1.0966128013629787e-08,7.144607241680308e-08,1.0211288785936614
3.5703408431024974,2968904221141.246,331.69932352263373,2.7283446346286577e+24,1.948817596163327e+24,3.5078716730939884e+24,7.270839722157617e-08,1110699636.1028123,453899682.4171274,2956394285.380718,2.6598570188154046e-08,1.0869799690863719e-08,7.079849344281014e-08,1.0212326647310193
3.5766327952703336,2963681374844.302,329.9518416835706,2.7384051269322196e+24,1.9560036620944426e+24,3.520806591769997e+24,7.337285767308528e-08,1100641202.9832501,449914265.1882199,2929609387.913113,2.6357695040078673e-08,1.0774358586494471e-08,7.015705992458698e-08,1.0213369908661922
3.5829358356406185,2958467716490.589,328.2135660519411,2.748498363881079e+24,1.9632131170579137e+24,3.5337836107042447e+24,7.40431006270416e-08,1090678127.3572123,445965533.63927656,2903078528.98941,2.6119103473362318e-08,1.067979601544036e-08,6.952171001512791e-08,1.0214418743785982
3.5892499837539074,2953263229916.8315,326.4844481269517,2.7586244525161375e+24,1.970446037511527e+24,3.5468028675207485e+24,7.471917486476314e-08,1080809450.610083,442053128.90362275,2876799153.788541,2.5882772531503233e-08,1.0586103383712405e-08,6.889238253264692e-08,1.0215473219052809
3.595575259185191,2948067898988.1895,324.7644396633245,2.768783500281396e+24,1.977702500200997e+24,3.559864500361795e+24,7.540112957541942e-08,1071034224.4255981,438176695.8753483,2850768734.9454412,2.5648679504620282e-08,1.0493272187382841e-08,6.82690169528628e-08,1.021653317222932
3.6019116815439567,2942881707598.2046,323.05349266995063,2.778975615025914e+24,1.984982582161367e+24,3.572968647890461e+24,7.608901435950602e-08,1061351510.6669817,434335883.16685885,2824984772.2343273,2.5416801926606446e-08,1.040129401156857e-08,6.765155340141456e-08,1.0217598876411653
3.608259270474248,2937704639668.756,321.3515594085518,2.7892009050056804e+24,1.992286360718343e+24,3.586115449293018e+24,7.678287923233703e-08,1051760381.2597402,430530343.0670061,2799444792.256005,2.518711757232206e-08,1.0310160529428491e-08,6.703993264637312e-08,1.0218670166421298
3.6146180456547277,2932536679150.006,319.6585923923479,2.799459478885921e+24,1.999613913489944e+24,3.599305044281899e+24,7.748277462759748e-08,1042259918.0755155,426759731.4995793,2774146348.128233,2.4959604454813318e-08,1.0219863501169462e-08,6.64340960908263e-08,1.021974724908508
3.6209880267987384,2927377810020.35,317.9745443847313,2.8097514457431184e+24,2.0069653183879418e+24,3.6125375730982955e+24,7.818875140090929e-08,1032849212.8176409,423023707.98240346,2749087019.180249,2.473424082257167e-08,1.0130394773066813e-08,6.583398576556346e-08,1.0220829788110148
3.6273692336543633,2922228016286.37,316.2993683979502,2.82007691506679e+24,2.0143406536191357e+24,3.6258131765144446e+24,7.890086083341525e-08,1023527366.9082956,419321935.586997,2724264410.6522717,2.4511005156831408e-08,1.0041746276498226e-08,6.523954432187925e-08,1.0221918366282885
3.6337616860044872,2917087281982.7817,314.6330176917968,2.830435996762093e+24,2.0217399976872092e+24,3.6391319958369767e+24,7.961915463543918e-08,1014293491.376479,415654080.8985141,2699676153.396358,2.4289876168886946e-08,9.953910026984472e-09,6.465071502440995e-08,1.022301258166861
3.6401654036668565,2911955591172.389,312.97544577230366,2.8408288011515765e+24,2.0291634293939833e+24,3.65249417290917e+24,8.034368495012864e-08,1005146706.748034,412019813.97637796,2675319903.583064,2.4070832797459113e-08,9.86687812324666e-09,6.406744174410869e-08,1.022411270803913
3.6465804064941443,2906832927946.031,311.32660639044565,2.851255438977579e+24,2.0366110278411282e+24,3.665899850114031e+24,8.107450435718058e-08,996086142.9363879,408418808.315251,2651193342.410583,2.3853854206078705e-08,9.780642746271564e-09,6.348966895127991e-08,1.0225218752630103
3.6530067143740075,2901719276422.533,309.6864535408506,2.8617160214041277e+24,2.0440828724315198e+24,3.679349170376736e+24,8.18116658765422e-08,987110939.1353785,404850740.80662405,2627294175.8181567,2.3638919780519898e-08,9.695196158391798e-09,6.291734170871638e-08,1.022633051457651
3.6594443472291527,2896614620748.66,308.0549414605146,2.8722106600192175e+24,2.0515790428708697e+24,3.692842277167566e+24,8.25552229722004e-08,978220243.7127148,401315291.70070755,2603620134.202732,2.342600912624889e-08,9.61053070237317e-09,6.235040566491374e-08,1.0227448169512654
3.6658933250173957,2891518945099.064,306.43202462752566,2.8827394668367995e+24,2.0590996191691426e+24,3.7063793145044567e+24,8.330522955595721e-08,969413214.1053368,397812144.5689724,2580168972.139326,2.3215102065918035e-08,9.52663880051766e-09,6.178880704737397e-08,1.0228571895436447
3.6723536677317212,2886432233676.239,304.81765775979426,2.8933025542995857e+24,2.0666446816425612e+24,3.7199604269566103e+24,8.406173999131304e-08,960689016.7152005,394340986.26680094,2556938468.1033683,2.300617863687014e-08,9.443512953768977e-09,6.123249265595607e-08,1.022970152438934
3.6788253954003514,2881354470710.466,303.211795813788,2.9039000352805707e+24,2.0742143109146935e+24,3.7335857596464484e+24,8.482480909728587e-08,952046826.8075049,390901506.89705753,2533926424.1992264,2.2799219088701242e-08,9.36114574084017e-09,6.0681409856375e-08,1.0230837375786892
3.685308528086799,2876285640459.7725,301.6143939832771,2.9145320230855723e+24,2.081808587918266e+24,3.747255458252879e+24,8.559449215233996e-08,943485828.4092951,387493399.7737485,2511130665.889815,2.2594203880832403e-08,9.279529817343377e-09,6.013550657372645e-08,1.0231979037287533
3.6918030858899384,2871225727209.875,300.02540769808274,2.9251986314553083e+24,2.0894275938966489e+24,3.7609696690139683e+24,8.637084489831075e-08,935005214.2097644,384116361.3862931,2488549041.7306914,2.2391113680122198e-08,9.198657914934192e-09,5.959473128611903e-08,1.023312675854232
3.698309088944063,2866174715274.136,298.44479262283323,2.935899974567821e+24,2.0970714104055864e+24,3.7747285387300557e+24,8.715392354439583e-08,926604185.4614384,380770091.3641027,2466179423.1065807,2.218992935850029e-08,9.118522840463431e-09,5.9059033018364694e-08,1.0234280753525693
3.7048265574189454,2861132588993.515,296.87250465572896,2.946636167040962e+24,2.104740119314973e+24,3.788532214766952e+24,8.79437847711811e-08,918281951.8825991,377454292.441582,2444019703.9711413,2.1990631990630727e-08,9.039117475138986e-09,5.8528361335746806e-08,1.0235440958703999
3.7113555115199084,2856099332736.5156,295.308499927309,2.95740732393403e+24,2.1124338028100217e+24,3.802380845058039e+24,8.874048573463869e-08,910037731.5615804,374168670.4238249,2422067800.591676,2.1793202851620074e-08,8.96043477370433e-09,5.80026663379065e-08,1.0236607208762354
3.717895971487877,2851074930899.1426,293.7527347992301,2.9682135607508385e+24,2.120152543393456e+24,3.816274578108221e+24,8.954408407027566e-08,901870750.8610375,370912934.1522547,2400321651.2939825,2.1597623414724875e-08,8.88246776361569e-09,5.748189865273258e-08,1.0237779822541246
3.7244479575994505,2846059367904.8496,292.2051658630465,2.9790549934414976e+24,2.127896423886784e+24,3.8302135629962115e+24,9.035463789720664e-08,893780244.3245697,367686795.4711309,2378779216.213207,2.14038753491155e-08,8.805209544239946e-09,5.696600943039495e-08,1.0238958563468112
3.7310114901669595,2841052628204.492,290.66574993900025,2.989931738404754e+24,2.1356655274319671e+24,3.844197949377541e+24,9.117220582232118e-08,885765454.5838798,364489969.1942263,2357438477.046311,2.1211940517652836e-08,8.728653286056648e-09,5.6454950337416894e-08,1.024014357773904
3.73758658953853,2836054696276.282,289.1344440748165,3.0008439124908563e+24,2.1434599374934688e+24,3.8582278874882444e+24,9.19968469445179e-08,877825632.2667992,361322173.07180524,2336297436.806868,2.102180097468571e-08,8.652792229867214e-09,5.594867355080295e-08,1.0241335117749162
3.744173276098149,2831065556625.733,287.61120554450366,3.011791633003539e+24,2.151279737859671e+24,3.872303528147408e+24,9.282862085890855e-08,869960035.9071078,358183127.75821984,2315354119.5843234,2.0833438963891306e-08,8.577619686018942e-09,5.544713175227384e-08,1.0242532771626496
3.750771570265724,2826085193785.619,286.09599184716336,3.022775017702275e+24,2.1591250126444822e+24,3.8864250227600683e+24,9.366758766108985e-08,862167931.8551561,355072556.7798717,2294606570.3060985,2.0646836916134756e-08,8.503129033637771e-09,5.4950278122569434e-08,1.024373689530917
3.757381492497149,2821113592315.924,284.5887607058026,3.0337941848050817e+24,2.1669958462893442e+24,3.9005925233208195e+24,9.451380795147958e-08,854448594.189344,351990186.5033383,2274052854.5010777,2.04619774473493e-08,8.42931371986498e-09,5.445806633578479e-08,1.0244947747719828
3.764003063284369,2816150736803.7905,283.0894700661551,3.0448492529907416e+24,2.1748923235648154e+24,3.914806182416668e+24,9.536734283965871e-08,846801304.6289922,348935746.10410476,2253691058.067515,2.0278843356449744e-08,8.356167259108395e-09,5.397045055381212e-08,1.024616491216888
3.7706363031554373,2811196611863.479,281.5980780955086,3.0559403414013155e+24,2.1828145295723682e+24,3.929066153230263e+24,9.622825394877562e-08,839225352.4480677,345908967.5355392,2233519287.042888,2.009741762326641e-08,8.283683232299424e-09,5.348738542082937e-08,1.024738839695957
3.777281232674588,2806251202136.314,280.11454318153574,3.0670675696442485e+24,2.1907625497458918e+24,3.9433725895426056e+24,9.709660341994082e-08,831720034.3903915,342909585.498424,2213535667.377806,1.9917683406514542e-08,8.211855286163399e-09,5.300882605788576e-08,1.0248618705433712
3.783937872442291,2801314492290.6396,278.63882393113533,3.078231057795671e+24,2.1987364698540507e+24,3.9577256457372914e+24,9.797245391677487e-08,824284654.5848956,339937337.4104563,2193738344.71001,1.9739624041764954e-08,8.140677132489187e-09,5.253472805748976e-08,1.024985545730611
3.790606243095324,2796386467021.771,277.17087916927545,3.089430926401889e+24,2.2067363760013493e+24,3.9721254768024286e+24,9.88558686298473e-08,816918524.4632058,336991963.3766346,2174125484.1446333,1.9563223039470302e-08,8.070142547420034e-09,5.206504747834679e-08,1.0251098945913495
3.79728636530683,2791467111051.946,275.7106679378455,3.1006672964826883e+24,2.2147623546304917e+24,3.9865722383348854e+24,9.974691128128541e-08,809620962.6771181,334073206.1595402,2154695270.0340667,1.9388464082988857e-08,8.000245370741853e-09,5.159974084008755e-08,1.0252349072975508
3.8039782597863843,2786556409130.2803,274.2581494945137,3.11194028953376e+24,2.2228144925241144e+24,4.001066086543406e+24,1.0064564612937768e-07,802391295.0174899,331180811.15015996,2135445905.7617593,1.921533102664216e-08,7.93097950518453e-09,5.113876511809053e-08,1.0253605779755652
3.8106819472800595,2781654346032.7183,272.81328331158943,3.1232500275285695e+24,2.230892876806121e+24,4.015607178251018e+24,1.0155213797314997e-07,795228854.33466,328314526.33925396,2116375613.5299232,1.904380789380924e-08,7.862338915736218e-09,5.0682077738398124e-08,1.0254869319444844
3.817397448570487,2776760906561.9863,271.37602907489327,3.134596632921866e+24,2.2389975949441902e+24,4.030195670899543e+24,1.0246645215713665e-07,788132980.4586071,325474102.28858703,2097482634.1466858,1.8873878875014626e-08,7.794317628954422e-09,5.022963657261938e-08,1.0256139745611264
3.824124784476924,2771876075547.5454,269.9463466826317,3.1459802286517563e+24,2.2471287347512544e+24,4.044831722552258e+24,1.0338865457605681e-07,781103020.1211795,322659292.1029367,2078765226.8186982,1.8705528326065946e-08,7.726909732295652e-09,4.9781399932963486e-08,1.025741681264522
3.830863975855318,2766999837845.544,268.5241962442782,3.1574009381423343e+24,2.2552863843873816e+24,4.0595154918972875e+24,1.0431881167959485e-07,774138326.8787732,319869851.4022355,2060221668.944917,1.8538740766202232e-08,7.660109373448297e-09,4.933732656730137e-08,1.0258700818267548
3.8376150435983694,2762132178338.7705,267.10953807946015,3.168858885306519e+24,2.263470632361799e+24,4.0742471382512386e+24,1.0524347207820564e-07,767336811.8795369,317105538.2940404,2041850255.9128575,1.8375860930635037e-08,7.593910759673335e-09,4.889737565428642e-08,1.0259991812163551
3.8443780086355965,2757273081936.6104,265.7023327168526,3.1803541945485355e+24,2.2716815675346682e+24,4.089026821562403e+24,1.0616586598313784e-07,760670009.9677039,314366113.3463854,2023649300.8977609,1.8216207147723385e-08,7.528308157154218e-09,4.846150679854506e-08,1.0261289695196352
3.8511528919334044,2752422533574.9927,264.30254089307545,3.1918869907666064e+24,2.2799192791190047e+24,4.1038547024142084e+24,1.0709600342719743e-07,754063529.4623402,311651339.56092846,2005617134.6638737,1.805799791661644e-08,7.463295890353804e-09,4.8029680025917836e-08,1.0262594622745476
3.8579397144951435,2747580518216.349,262.9101235515992,3.203457399355639e+24,2.2881838566825993e+24,4.118730942028679e+24,1.0803394793148951e-07,747516793.3956845,308960982.3464208,1987752105.3683102,1.790121942033165e-08,7.398868341379022e-09,4.7601855778762424e-08,1.0263906461761754
3.8647384973611802,2742747020849.5645,261.52504184165457,3.215065546210266e+24,2.29647539015019e+24,4.133655702270342e+24,1.0897976353946617e-07,741029230.6826102,306294809.4923885,1970052578.3664546,1.7745857982761338e-08,7.3350199493505885e-09,4.717799491129348e-08,1.0265225332176946
3.8715492616089606,2737922026489.9307,260.14725711714834,3.2267115577270077e+24,2.3047939698050056e+24,4.14862914564901e+24,1.0993351482132168e-07,734600276.0566741,303652591.14335644,1952516936.0213778,1.7591900067141212e-08,7.271745209785758e-09,4.6758058685018606e-08,1.0266551391043255
3.8783720283530716,2733105520179.102,258.7767309355862,3.238395560807341e+24,2.3131396862909577e+24,4.1636514353237244e+24,1.1089526687851275e-07,728229370.0063318,301034099.7731478,1935143577.513927,1.7439332274522903e-08,7.20903867398284e-09,4.634200876419048e-08,1.026788472449648
3.8852068187453153,2728297486985.044,257.41342505699816,3.250117682860563e+24,2.321512630614688e+24,4.1787227351064385e+24,1.1186508534828667e-07,721915958.7121369,298439110.15956485,1917930918.6556735,1.7288141342270017e-08,7.1468949484148695e-09,4.592980721132744e-08,1.0269225014676318
3.892053653974764,2723497912001.9937,256.0573014428739,3.261878051806308e+24,2.329912894147363e+24,4.1938432094652536e+24,1.1284303640823229e-07,715659493.9847955,295867399.35942173,1900877391.704466,1.7138314142574692e-08,7.0853086941317105e-09,4.552141648279633e-08,1.0270572569071708
3.8989125552678345,2718706780350.4087,254.70832225509946,3.2736767960778145e+24,2.3383405686270103e+24,4.209013023528619e+24,1.1382918678093442e-07,709459433.2035555,293318746.6837077,1883981445.1810868,1.6989837680982183e-08,7.024274626165263e-09,4.511679942442195e-08,1.0271927471374958
3.905783543888351,2713924077176.922,253.3664498549025,3.2855140446241526e+24,2.346795746160109e+24,4.2242323430881965e+24,1.1482360373856745e-07,703315239.2559711,290792933.673307,1867241543.6898787,1.6842699094948354e-08,6.963787512948026e-09,4.471591926719151e-08,1.0273289624033817
3.9126666411376063,2709149787654.2974,252.0316468018023,3.297389926913582e+24,2.355278519223987e+24,4.239501334603177e+24,1.158263551076443e-07,697226380.4776636,288289744.07471776,1850656167.7396119,1.6696885652397108e-08,6.9038421757316105e-09,4.431873962296477e-08,1.0274659115309714
3.9195618683544384,2704383896981.3813,250.703875852564,3.30930457293627e+24,2.3637889806687641e+24,4.2548201652037757e+24,1.1683750927373461e-07,691192330.5932524,285808963.8162139,1834223813.5675485,1.655238475030581e-08,6.844433488015885e-09,4.392522448026081e-08,1.0276035994991652
3.926469246915284,2699626390383.06,249.3830999601611,3.3212581132070986e+24,2.372327223719356e+24,4.270189002694841e+24,1.1785713518625309e-07,685212568.6578112,283350380.9842928,1817942992.9656634,1.6409183913303313e-08,6.7855563749849494e-09,4.353533820009649e-08,1.0277420388261693
3.9333887982342555,2694877253110.21,248.06928227274022,3.3332506787686753e+24,2.3808933419776254e+24,4.285608015559726e+24,1.1888530236327952e-07,679286578.99908,280913785.8003222,1801812233.108435,1.62672707922861e-08,6.727205812947886e-09,4.314904551186243e-08,1.0278812233055223
3.9403205437632027,2690136470439.654,246.76238613259335,3.345282401194546e+24,2.3894874294246757e+24,4.3010773729644164e+24,1.1992208089647135e-07,673413851.1600795,278498970.59743,1785830076.3824348,1.6126633163043984e-08,6.669376828785328e-09,4.276631150924208e-08,1.028021158410067
3.9472645049917765,2685404027674.118,245.46237507513604,3.357353412591505e+24,2.3981095804225036e+24,4.3165972447605067e+24,1.2096754145591308e-07,667593879.8430117,276105729.7978795,1769995080.2194598,1.598725892491671e-08,6.612064499407645e-09,4.238710164621566e-08,1.0281618527426797
3.9542207034475028,2680679910142.18,244.16921282788823,3.3694638456032205e+24,2.406759889716586e+24,4.332167801489855e+24,1.2202175529513846e-07,661826164.8530873,273733859.89041454,1754305816.9296465,1.5849136099448734e-08,6.555263951212419e-09,4.201138173306364e-08,1.0283033077637462
3.961189160695841,2675964103198.231,242.8828633094639,3.3816138334129785e+24,2.415438452437842e+24,4.3477892143881156e+24,1.2308479425612157e-07,656110211.0434486,271383159.40805227,1738760873.5378506,1.571225282907027e-08,6.498970359552636e-09,4.163911793244843e-08,1.0284455401017563
3.9681698983402587,2671256592222.4233,241.6032906285629,3.3938035097470196e+24,2.4241453641050143e+24,4.3634616553890254e+24,1.2415673077434862e-07,650445528.2605444,269053428.90605104,1723358851.6211655,1.5576597375789147e-08,6.443178948209069e-09,4.127027675552334e-08,1.0285885251427804
3.9751629380222933,2666557362620.63,240.33045908297038,3.406033008876901e+24,2.432880720626358e+24,4.3791852971274446e+24,1.2523763788387264e-07,644831631.2904749,266744470.9402754,1708098367.1498609,1.5442158119905896e-08,6.387884988872166e-09,4.0904825058123436e-08,1.0287322940658814
3.982168301421619,2661866399824.3975,239.06433315856074,3.41830246562333e+24,2.4416446183023785e+24,4.3949603129442816e+24,1.263275892225222e-07,639268039.8053987,264456090.0455792,1692978050.327977,1.5308923558730335e-08,6.33308380062439e-09,4.054273003694817e-08,1.0288768374966513
3.9891860102561196,2657183689290.8994,237.80487752830584,3.430612015358967e+24,2.450437153827834e+24,4.4107868768901004e+24,1.2742665903707614e-07,633754278.3109946,262188092.71461397,1677996545.4374492,1.5176882305323395e-08,6.278770749432716e-09,4.018395922582855e-08,1.0290221795400218
3.996216086281948,2652509216502.8965,236.55205705129046,3.4429617940114066e+24,2.459258424293862e+24,4.4266651637289517e+24,1.2853492218849028e-07,628289876.0945048,259940287.3768755,1663152510.683814,1.504602308725289e-08,6.224941247646862e-09,3.9828480492032133e-08,1.0291683067478796
4.0032585512936,2647842966968.6836,235.30583677173078,3.455351938066862e+24,2.4681085271906157e+24,4.4425953489431085e+24,1.296524541572555e-07,622874367.1729727,257712484.37781996,1648444618.0426762,1.4916334745353934e-08,6.171590753499159e-09,3.9476262032586337e-08,1.0293151944128187
4.010313427123979,2643184926222.0522,234.06618191799978,3.467782584572561e+24,2.476987560408972e+24,4.45857760873615e+24,1.3077933104865439e-07,617507290.2428209,255504495.95853147,1633871553.1099935,1.4787806232521459e-08,6.118714770617645e-09,3.9127272370693075e-08,1.0294629083394238
4.017380735644464,2638535079822.241,232.8330579016567,3.4802538711407193e+24,2.485895622243371e+24,4.474612120038068e+24,1.3191562959824384e-07,612188188.6291546,253316136.23526442,1619432014.951747,1.4660426612496149e-08,6.06630884753615e-09,3.878148035212876e-08,1.02961142762056
4.024460498764978,2633893413353.893,231.60643031648178,3.4927659359514066e+24,2.494832811393862e+24,4.490699060508952e+24,1.3306142717725638e-07,606916610.2362899,251147221.17948857,1605124715.9571755,1.4534185058679714e-08,6.0143685772164285e-09,3.8438855141729584e-08,1.029760735127521
4.031552738434053,2629259912427.012,230.3862649375175,3.505318917755732e+24,2.50379922696838e+24,4.5068386085430843e+24,1.3421680179809187e-07,601692107.4986566,248997568.59808215,1590948381.69316,1.4409070852959132e-08,5.9628895965738234e-09,3.809936621990442e-08,1.0299108780142525
4.038657476638905,2624634562676.9136,229.17252772011133,3.517912955879379e+24,2.5127949684852707e+24,4.523030943273488e+24,1.353818321198985e-07,596514237.3320979,246866998.1136847,1576901750.7599046,1.4285073384540397e-08,5.911867586006774e-09,3.776298337917869e-08,1.0300618240995938
4.0457747354054945,2620017349764.185,227.9651847989681,3.530548190225853e+24,2.5218201358756095e+24,4.539276244576097e+24,1.365565974541524e-07,591382561.0859765,244755331.14535698,1562983574.6487844,1.4162182148801567e-08,5.861298268933664e-09,3.742967672079022e-08,1.0302135827782202
4.052904536798599,2615408259374.6387,226.76420248720385,3.543224761279341e+24,2.5308748294852433e+24,4.5555746930734384e+24,1.3774117777028535e-07,586296644.4958407,242662390.88952452,1549192617.6023455,1.4040386746159244e-08,5.8111774113364625e-09,3.7099416651336514e-08,1.0303661902052836
4.06004690292188,2610807277219.269,225.56954727540636,3.5559428101092754e+24,2.539959150078054e+24,4.571926470140497e+24,1.3893565370148813e-07,581256057.6361141,240588002.3008253,1535527656.4738283,1.3919676880935596e-08,5.761500821302075e-09,3.6772173879410714e-08,1.030519617725328
4.067201855917952,2606214389034.207,224.38118583070008,3.568702478372173e+24,2.5490731988372664e+24,4.58833175790708e+24,1.401401065503405e-07,576260374.8742987,238531992.07369506,1521987480.591714,1.380004236026164e-08,5.712264348581358e-09,3.644791941235781e-08,1.0306738750004851
4.074369417968451,2601629580580.6777,223.1990849958162,3.58150390831634e+24,2.5582170773688144e+24,4.604790739263866e+24,1.4135461829473245e-07,571309174.8246953,236494188.62364164,1508570891.6225152,1.368147309296895e-08,5.663463884140682e-09,3.612662455298882e-08,1.0308289868371077
4.081549611294104,2597052837644.951,222.0232117881668,3.594347242784622e+24,2.5673908877033014e+24,4.621303597865943e+24,1.425792715936829e-07,566402040.3033212,234474422.06907555,1495276703.4372942,1.3563959088510051e-08,5.615095359726814e-09,3.580826089638418e-08,1.0309849323464633
4.088742458154797,2592484146038.3057,220.8535333989258,3.6072326252180534e+24,2.57659473229861e+24,4.6378705181374975e+24,1.4381414979327402e-07,561538558.2830895,232472524.21321565,1482103741.9789968,1.3447490455885069e-08,5.567154747433613e-09,3.5492800326716776e-08,1.0311417366320978
4.095947980849642,2587923491596.9785,219.69001719211275,3.620160199659516e+24,2.585828714042511e+24,4.6544916852765204e+24,1.4505933693265033e-07,556718319.8494709,230488328.52619538,1469050845.1311777,1.3332057402579942e-08,5.5196380592735065e-09,3.518021501410818e-08,1.0312993863249837
4.103166201717053,2583370860182.1235,218.53263070368214,3.63313011075686e+24,2.5950929362549e+24,4.6711672852588204e+24,1.4631491775001968e-07,551940920.1568753,228521670.1274581,1456116862.588889,1.3217650233521852e-08,5.472541346755907e-09,3.4870477411536765e-08,1.031457914282971
4.110397143134805,2578826237679.769,217.38134164061813,3.6461425037671197e+24,2.6043875026907996e+24,4.68789750484344e+24,1.475809776888159e-07,547205958.3851326,226572385.76819003,1443300655.7299669,1.3104259350037071e-08,5.425860700466523e-09,3.456356025175534e-08,1.0316172841996953
4.1176408275201135,2574289610000.77,216.2361178800331,3.659197524559313e+24,2.6137125175423667e+24,4.7046825315762597e+24,1.4885760290376447e-07,542513037.697056,224640313.81419155,1430601097.4894009,1.2991875248834677e-08,5.3795922496571675e-09,3.425943654428257e-08,1.0317775444615311
4.1248972773296995,2569760963080.7666,215.0969274682712,3.672295319618887e+24,2.6230680854420624e+24,4.7215225537957124e+24,1.5014488026719597e-07,537861765.1957821,222725294.2286575,1418017072.2332413,1.2880488520984954e-08,5.333732161833386e-09,3.3958079572383395e-08,1.031938681962306
4.132166515059854,2565240282880.144,213.96373862001784,3.6854360360504376e+24,2.6324543114645983e+24,4.7384177606362773e+24,1.5144289737521268e-07,533251751.88335544,220827168.55545843,1405547475.6360388,1.2770089850927631e-08,5.288276642354086e-09,3.365946289013397e-08,1.0321006988484656
4.139448563246519,2560727555383.983,212.83651971741122,3.698619821582323e+24,2.641871301130231e+24,4.7553683420344157e+24,1.5275174255411136e-07,528682612.61907136,218945779.90232405,1393191214.557754,1.266067001547424e-08,5.24322193402882e-09,3.3363560319474006e-08,1.03226359364373
4.146743444465347,2556222766602.02,211.71523930916172,3.7118468245696786e+24,2.6513191604069134e+24,4.7723744887324443e+24,1.5407150486672467e-07,524153966.0788033,217080972.92441916,1380947206.9234748,1.255221988283414e-08,5.198564316724468e-09,3.307034594732621e-08,1.0324273955552636
4.154051181331777,2551725902568.603,210.5998661096732,3.725117193998681e+24,2.6607979957133435e+24,4.789436392284019e+24,1.5540227411890724e-07,519665434.7144971,215232593.80799708,1368814381.603743,1.244473041164449e-08,5.154300106973777e-09,3.277979412273047e-08,1.0325920641073978
4.161371796501104,2547236949342.6465,209.4903689981704,3.7384310794894723e+24,2.670307913921052e+24,4.8065542450578935e+24,1.5674414086598083e-07,515216644.7144731,213400490.2543656,1356791678.2971694,1.2338192650019581e-08,5.1104256575913855e-09,3.249187945403272e-08,1.0327576762675894
4.1687053126685445,2542755893007.5923,208.38671701783127,3.7517886313010987e+24,2.679849022357928e+24,4.82372824024427e+24,1.58097196419421e-07,510807225.9635781,211584511.46379974,1344878047.4128306,1.223259773459657e-08,5.066937357288572e-09,3.220657680606867e-08,1.0329241754634624
4.176051752569314,2538282719671.3633,207.28887937492217,3.76519000033458e+24,2.6894214288104144e+24,4.840958571858746e+24,1.5946153285342733e-07,506436812.00439215,209784508.1198782,1333072449.9556088,1.2127936889606488e-08,5.0238316302981494e-09,3.192386129741792e-08,1.0330915915714434
4.18341113897869,2533817415466.3203,206.19682543793954,3.778635338136826e+24,2.6990252415263043e+24,4.858245434747348e+24,1.6083724301162291e-07,502105039.9986492,208000332.37390402,1321373857.4122577,1.2024201425950344e-08,4.981104936001381e-09,3.164370829767557e-08,1.0332599151049855
4.190783494712092,2529359966549.2197,205.11052473675443,3.792124796904698e+24,2.7086605692176416e+24,4.875589024591755e+24,1.6222442051385727e-07,497811550.6889733,206231837.82945368,1309781251.6384447,1.1921382740282808e-08,4.938753768557967e-09,3.136609342474711e-08,1.0334291803952582
4.198168842625143,2524910359101.172,204.0299469617632,3.8056585294890736e+24,2.7183275210636243e+24,4.892989537914524e+24,1.6362315976304196e-07,493555988.3611552,204478879.52714023,1298293624.7474184,1.181947231410882e-08,4.896774656541155e-09,3.109099254218231e-08,1.033599362381769
4.205567205613742,2520468579327.5967,202.95506196304137,3.819236689398088e+24,2.72802620671292e+24,4.910447172083256e+24,1.6503355595198813e-07,489338000.8070444,202741313.92963213,1286909979.0004232,1.1718461712894944e-08,4.855164162578985e-09,3.0818381756550874e-08,1.0337704871148625
4.2129786066141435,2516034613458.18,201.88583974950208,3.8328594308023386e+24,2.737756736287385e+24,4.927962125317293e+24,1.6645570507049366e-07,485157239.2873099,201018998.90660688,1275629326.696893,1.1618342585177594e-08,4.813918882993957e-09,3.0548237414812895e-08,1.0339425572992043
4.220403068603015,2511608447746.8354,200.82225048806018,3.846526908537748e+24,2.7475192203841055e+24,4.94553459669139e+24,1.6788970391225825e-07,481013358.49533886,199311793.72017658,1264450690.06788,1.1519106661698473e-08,4.773035447454015e-09,3.0280536101766683e-08,1.0341155877376393
4.22784061459752,2507190068471.655,199.76426450279885,3.860239278110066e+24,2.757313770078619e+24,4.963164786141514e+24,1.6933565008203586e-07,476906016.5210337,197619559.01026273,1253373101.1693182,1.1420745754537616e-08,4.7325105186223035e-09,3.001525463749272e-08,1.0342895410345343
4.235291267655385,2502779461934.8706,198.71185227414196,3.873996695699108e+24,2.7671404969279344e+24,4.980852894470282e+24,1.7079364200281907e-07,472834874.8151317,195942156.78017244,1242395601.776691,1.1323251756258922e-08,4.692340791811757e-09,2.9752370074831185e-08,1.034464459804606
4.242755050874968,2498376614462.8125,197.6649844380309,3.887799318162785e+24,2.776999512973418e+24,4.998599123352153e+24,1.722637789230826e-07,468799598.15395796,194279450.38238934,1231517243.2813354,1.1226616639066071e-08,4.652522994644826e-09,2.9491859696898698e-08,1.0346403469090457
4.250231987395335,2493981512405.8643,196.62363178510464,3.9016473030410835e+24,2.7868909307436314e+24,5.016403675338537e+24,1.7374616092405974e-07,464799854.6046747,192631304.50450474,1220737086.5877597,1.1130832453970345e-08,4.6130538867165575e-09,2.9233701014629327e-08,1.034817205014237
4.257722100396327,2489594142138.4233,195.5877652598851,3.9155408085603864e+24,2.796814863257419e+24,5.034266753863355e+24,1.7524088892714624e-07,460835315.490764,190997585.15529165,1210054202.0120335,1.1035891329964004e-08,4.573930259261108e-09,2.897787176434127e-08,1.0349950372429508
4.265225413098638,2485214490058.855,194.55735595996606,3.929479993637656e+24,2.8067714240268974e+24,5.052188563248415e+24,1.767480647013559e-07,456905655.35795575,189378159.65093324,1199467669.1813471,1.094178547320435e-08,4.535148934821945e-09,2.8724349905331547e-08,1.0351738665838148
4.272741948763881,2480842542589.453,193.53237513520736,3.9434650178849037e+24,2.8167607270606455e+24,5.070169308709162e+24,1.7826779087086896e-07,453010551.9404854,187772896.60139126,1188976576.9346528,1.0848507166205685e-08,4.496706766925402e-09,2.8473113617496597e-08,1.0353536674255432
4.280271730694664,2476478286176.3965,192.5127941869319,3.9574960416131073e+24,2.826782886866505e+24,5.08820919635971e+24,1.7980017092258502e-07,449149686.1279086,186181665.89699996,1178580023.2248526,1.0756048767044596e-08,4.458600639759642e-09,2.822414129898993e-08,1.0355344548146044
4.287814782234659,2472121707289.7095,191.4985846671286,3.971573225836886e+24,2.8368380184549184e+24,5.106308433218854e+24,1.8134530921385062e-07,445322741.93202776,184604338.69510144,1168277115.0214393,1.0664402708567935e-08,4.420827467854597e-09,2.7977411563890577e-08,1.035716252246383
4.295371126768677,2467772792423.218,190.48971827765823,3.985696732278508e+24,2.8469262373417914e+24,5.124467227215224e+24,1.8290331098015716e-07,441529406.4544549,183040787.40693846,1158066968.2149692,1.0573561497616016e-08,4.38338419576809e-09,2.773290323991547e-08,1.0358990587552181
4.30294078772274,2463431528094.5044,189.48616686946335,3.999866723372766e+24,2.857047659551976e+24,5.142685787193557e+24,1.8447428234302508e-07,437769369.8542624,181490885.68458474,1147948707.5218492,1.0483517714247934e-08,4.346267797772844e-09,2.7490595366139346e-08,1.0360828567157436
4.310523788564153,2459097900844.873,188.48790244178377,4.0140833622709584e+24,2.867202401622113e+24,5.160964322919804e+24,1.8605833031785506e-07,434042325.31626415,179954508.408125,1137921466.3909569,1.039426401098198e-08,4.309475277549478e-09,2.725046719075846e-08,1.0362676943984754
4.31812015280158,2454771897239.3022,187.49489714137454,4.028346812845705e+24,2.877390580604075e+24,5.179303045087335e+24,1.8765556282196085e-07,430347969.01940054,178431531.67287946,1127984386.9106662,1.0305793112038534e-08,4.273003667880556e-09,2.7012498168864125e-08,1.0364535542865259
4.325729903985107,2450453503866.4067,186.50712326172962,4.042657239695425e+24,2.887612314068161e+24,5.19770216532269e+24,1.8926608868259704e-07,426686000.10567546,176921832.7768507,1118136619.7173266,1.0218097812596175e-08,4.236850030349984e-09,2.6776667960251003e-08,1.0366404441258796
4.333353065706329,2446142707338.392,185.52455324230797,4.0570148081485417e+24,2.897867720106101e+24,5.216161896190982e+24,1.9089001764508716e-07,423056120.6493858,175425290.20828766,1108377323.9049554,1.0131170978054814e-08,4.201011455045184e-09,2.654295642725444e-08,1.0368283789784665
4.34098966159841,2441839494291.018,184.54715966776524,4.07141968426854e+24,2.9081569173346714e+24,5.23468245120241e+24,1.9252746038108514e-07,419458035.6265758,173941783.63334066,1098705666.9352262,1.004500554330419e-08,4.16548506026147e-09,2.6311343632594917e-08,1.0370173086173606
4.3486397153361676,2437543851383.553,183.5749152671883,4.0858720348582054e+24,2.918480024898718e+24,5.253264044817693e+24,1.9417852849682552e-07,415891452.88503724,172471193.88393337,1089120824.5493276,9.959594512005456e-09,4.130267992211609e-09,2.6081809837267263e-08,1.037207348085706
4.35630325063614,2433255765298.7334,182.60779291333432,4.1003720274648525e+24,2.9288371624748947e+24,5.271906892454811e+24,1.958433345415844e-07,412356083.114362,171013402.94566008,1079621980.6799529,9.874930955873994e-09,4.095357424735985e-09,2.5854335498433056e-08,1.0373984014209472
4.363980291256657,2428975222742.725,181.6457656218749,4.114919830384217e+24,2.9392284502744406e+24,5.290611210493993e+24,1.9752199201604136e-07,408851639.81671894,169568293.94597322,1070208327.365347,9.791008013979614e-09,4.06075055901973e-09,2.5628901267362223e-08,1.0375905254196593
4.371670860997922,2424702210445.0786,180.68880655064154,4.1295156126659455e+24,2.949654009047104e+24,5.309377216284788e+24,1.9921461538092176e-07,405377839.2775356,168135751.14233065,1060879064.663214,9.707818892044437e-09,4.026444623308867e-09,2.5405487987371336e-08,1.0377837325349872
4.3793749837020775,2420436715158.6904,179.73688899887821,4.144159544118158e+24,2.9601139600843987e+24,5.328205128151918e+24,2.0092132006559902e-07,401934400.53677166,166715659.91058308,1051633400.5662826,9.625356861754962e-09,3.992436872632227e-09,2.5184076691801633e-08,1.0379780047870117
4.387092683253284,2416178723659.7617,178.78998640649544,4.1588517953120355e+24,2.9706084252228824e+24,5.347095165401189e+24,2.0264222247679589e-07,398521045.36047864,165307906.7334762,1042470550.9187654,9.543615260081e-09,3.958724588526095e-09,2.496464860201838e-08,1.038173371447944
4.394823983577796,2411928222747.7544,177.84807235332917,4.173592537587111e+24,2.9811375268479366e+24,5.366047548326286e+24,2.043774400074367e-07,395137498.21254665,163912379.18922937,1033389739.3334067,9.462587488599075e-09,3.925305078760707e-09,2.474718512542442e-08,1.0383698147769007
4.402568908644025,2407685199245.356,176.9111205584046,4.1883819430559147e+24,2.991701387897082e+24,5.385062498214748e+24,2.0612709104551658e-07,391783486.2269062,162528965.94029412,1024390197.1098362,9.382267012826713e-09,3.8921756770710315e-09,2.453166785350489e-08,1.0385673383455174
4.41032748246263,2403449639998.432,175.9791048792016,4.2032201846087694e+24,3.0023001318634066e+24,5.404140237354133e+24,2.0789129498305847e-07,388458739.1800338,161157556.72224075,1015471163.1538507,9.30264736156403e-09,3.859333742890639e-09,2.4318078559894232e-08,1.038765979389642
4.4180997290865776,2399221531875.991,175.05199931092642,4.218107435919459e+24,3.0129338827996136e+24,5.423280989039305e+24,2.0967017222528674e-07,385162989.463524,159798042.3326675,1006631883.8969657,9.223722126236898e-09,3.826776661086101e-09,2.4106399198449674e-08,1.0389657207902507
4.4258856726112255,2395000861770.1396,174.12977798578518,4.2330438714494973e+24,3.0236027653210696e+24,5.442484977577925e+24,2.114638441996682e-07,381895972.0573835,158450314.62039006,997871613.2179083,9.145484960257395e-09,3.7945018416981054e-09,2.3896611901371124e-08,1.0391665830870815
4.433685337174395,2390787616596.0444,173.21241517226258,4.2480296664537367e+24,3.034306904609812e+24,5.461752428297662e+24,2.1327243336527747e-07,378657424.5031863,157114266.4746127,989189612.3640906,9.067929578380944e-09,3.762506719682127e-09,2.3688698977320694e-08,1.039368578304149
4.441498746956441,2386581783291.8906,172.2998852744043,4.263064996985428e+24,3.045046426418163e+24,5.481083567552694e+24,2.150960632220955e-07,375447086.877821,155789791.8142849,980585149.8743302,8.991049756077621e-09,3.730788754653551e-09,2.3482642909572018e-08,1.03957167683301
4.449325926180335,2382383348818.8413,171.39216283110204,4.278150039901012e+24,3.0558214570721514e+24,5.500478622729872e+24,2.1693485832043944e-07,372264701.7674545,154476785.57758477,972057501.5026647,8.914839328908646e-09,3.6993454306358245e-09,2.3278426354185803e-08,1.0397759376564268
4.457166899111735,2378192300160.998,170.4892225153837,4.2932849728659636e+24,3.066632123475688e+24,5.519937822256239e+24,2.1878894427056633e-07,369110014.24164575,153175143.71144858,963605950.1424569,8.839292191906477e-09,3.6681742558097087e-09,2.3076032138192318e-08,1.0399813262732893
4.465021690059061,2374008624325.359,169.5910391337066,4.308469974359616e+24,3.0774785531140117e+24,5.539461395605221e+24,2.2065844775226092e-07,365982771.8279411,151884763.16129372,955229785.7518135,8.764402298966425e-09,3.6372727622671772e-09,2.2875443257805377e-08,1.040187872355592
4.472890323373574,2369832308341.7783,168.69758762525402,4.323705223680569e+24,3.0883608740575494e+24,5.559049573303589e+24,2.2254349652457392e-07,362882724.48665303,150605541.8608204,946928305.2796701,8.690163662242662e-09,3.6066385057671857e-09,2.2676642876652234e-08,1.0403955630310229
4.4807728234494455,2365663339262.9297,167.80884306123693,4.338990900952326e+24,3.099279214965947e+24,5.578702586938705e+24,2.2444421943569678e-07,359809624.58585525,149337378.72189423,938700812.5926565,8.616570351549427e-09,3.576269065493384e-09,2.247961432402219e-08,1.0406044275529684
4.4886692147238385,2361501704164.261,166.92478064419768,4.354327187128178e+24,3.1102337050915556e+24,5.5984206691648e+24,2.2636074643283844e-07,356763226.8768125,148080173.62461147,930546618.4029295,8.543616493772611e-09,3.5461620438162065e-09,2.2284341093138362e-08,1.0408144663672405
4.4965795216769795,2357347390143.959,166.0453757073185,4.3697142639973685e+24,3.121224474283835e+24,5.618204053710903e+24,2.282932085723158e-07,353743288.46949536,146833827.40739048,922465040.1965604,8.471296272283411e-09,3.5163150660555837e-09,2.2090806839442728e-08,1.0410256705258467
4.5045037688322385,2353200384322.906,165.1706037137328,4.385152314189803e+24,3.1322516529927164e+24,5.638052975386889e+24,2.302417380296336e-07,350749568.8085425,145598241.85725054,914455402.1630722,8.399603926362681e-09,3.4867257802481433e-09,2.1898995378908746e-08,1.0412380612918892
4.512441980756202,2349060673844.6387,164.3004402558409,4.4006415211822383e+24,3.143315372273027e+24,5.657967670091449e+24,2.322064681097706e-07,347781829.64932376,144373319.70012662,906517035.1254089,8.328533750627695e-09,3.457391856915274e-09,2.170889068636424e-08,1.0414516604870088
4.520394182058748,2344928245875.315,163.43486105462935,4.4161820693036974e+24,3.154415763788355e+24,5.67794837481904e+24,2.3418753325750377e-07,344839835.0343689,143158964.5913339,898649276.4708233,8.258080094467675e-09,3.4283109888347724e-09,2.1520476893836378e-08,1.0416664597940177
4.528360397393126,2340803087603.6675,162.57384195899263,4.431774143741045e+24,3.1655529598150325e+24,5.697995327667058e+24,2.3618506906786958e-07,341923351.2700042,141955081.10611463,890907596.2913225,8.188237361484295e-09,3.3994808908144647e-09,2.1335082375880818e-08,1.0418824415164583
4.536340651456029,2336685186240.967,161.7173589450602,4.447417930544867e+24,3.176727093246334e+24,5.718108767843401e+24,2.381992122967182e-07,339032146.90326667,140761574.73030004,883368020.6155866,8.119000008938833e-09,3.3708992994685797e-09,2.115452777202445e-08,1.0420996491993857
4.544334968987676,2332574529020.9805,160.86538811552535,4.463113616634816e+24,3.187938297596297e+24,5.738288935673335e+24,2.402301008713333e-07,336165992.69912785,139578351.85108367,875893823.2965047,8.050362547206738e-09,3.3425639729967945e-09,2.097553882170007e-08,1.0423180919065098
4.5523433747718824,2328471103199.935,160.01790569897923,4.478861389806189e+24,3.199186707004421e+24,5.758536072607958e+24,2.4227787390131324e-07,333324661.617751,138405319.7478416,868484411.3303251,7.982319539232987e-09,3.3144726909643998e-09,2.079810132390194e-08,1.0425377608152102
4.560365893636144,2324374896056.4736,159.1748880492468,4.494661438734955e+24,3.210472456239254e+24,5.778850421230657e+24,2.44342671689342e-07,330507928.79230815,137242386.5831315,861139197.3928992,7.914865600000865e-09,3.28662325408675e-09,2.0622201213637074e-08,1.0427586478270054
4.568402550451702,2320285894891.623,158.336311644728,4.510513952984123e+24,3.221795680702945e+24,5.799232225265301e+24,2.464246357422412e-07,327715571.50679916,136089461.39373052,853857599.7817631,7.847995396000782e-09,3.259013484014642e-09,2.044782456053824e-08,1.0429808099564526
4.5764533701336365,2316204087028.7446,157.50215308774034,4.5264191230098856e+24,3.2331565164356326e+24,5.819681729584139e+24,2.48523908782102e-07,324947369.1741617,134946454.08177269,846639042.3588579,7.781703644706054e-09,3.231641223122077e-09,2.0274957567492256e-08,1.0432042173454763
4.5845183776409275,2312129459813.504,156.67238910386732,4.542377140167195e+24,3.244555100119425e+24,5.840199180214966e+24,2.506406347574708e-07,322203103.3147001,133813275.4060193,839482954.494105,7.715985114056348e-09,3.2045043342972065e-09,2.0103586569288736e-08,1.0434288735530128
4.592597597976545,2308062000613.8267,155.84699654130776,4.5583881967159936e+24,3.2559915690828526e+24,5.860784824349135e+24,2.527749588546909e-07,319482557.5346927,132689836.97320107,832388771.0094782,7.65083462194534e-09,3.177600700735001e-09,1.9933698031280766e-08,1.0436548067877551
4.600691056187521,2304001696819.86,155.02595237023067,4.574452485827553e+24,3.267466061305395e+24,5.881438910349712e+24,2.5492702750938664e-07,316785517.5051999,131576051.2294404,825355932.1235635,7.586247035713265e-09,3.1509282257318297e-09,1.976527854805725e-08,1.0438820347358504
4.608798777365021,2299948535843.935,154.2092336821327,4.590570201590467e+24,3.278978715421762e+24,5.902161687759172e+24,2.570969884180331e-07,314111770.9411448,130471831.45178413,818383883.3968545,7.522217271645915e-09,3.1244848324826947e-09,1.959831484213286e-08,1.044110535581242
4.61692078664444,2295902505120.5264,153.39681768919806,4.6067415390169927e+24,3.2905296707264235e+24,5.922953407307562e+24,2.5928499054965405e-07,311461107.5806105,129377091.73982392,811472075.6776081,7.458740294478873e-09,3.098268463880555e-09,1.9432793762651402e-08,1.044340323477786
4.625057109205455,2291863592106.215,152.58868172366414,4.622966694049161e+24,3.3021190671779724e+24,5.943814320920351e+24,2.614911841576145e-07,308833319.16439205,128291747.00741915,804619965.0483544,7.395811116907832e-09,3.072277082318115e-09,1.9268702284104872e-08,1.0445714164801339
4.633207770272128,2287831784279.645,151.78480323718765,4.6392458635653213e+24,3.313747045403801e+24,5.964744681726843e+24,2.6371572079160117e-07,306228199.4156919,127215712.97447714,797827012.7728242,7.333424799102347e-09,3.046508669490976e-09,1.9106027505062497e-08,1.0448038337693422
4.641372795112969,2283807069141.491,150.98515980021614,4.655579245386866e+24,3.325413746704904e+24,5.985744744068828e+24,2.6595875330971787e-07,303645544.02004933,126148906.15882666,791092685.2434357,7.2715764482251925e-09,3.0209612262030286e-09,1.8944756646913162e-08,1.0450375444201108
4.649552209041015,2279789434214.4155,150.1897291013625,4.6719670382838966e+24,3.337119313059926e+24,6.006814763507868e+24,2.6822043589056413e-07,301085150.6056492,125091243.86824931,784416453.9297618,7.2102612179608095e-09,2.9956327721756232e-09,1.8784877052631318e-08,1.0452725982271747
4.657746037413917,2275778867043.029,149.39848894678153,4.6884094419823906e+24,3.3488638871302793e+24,6.027954996834503e+24,2.7050092404566255e-07,298546818.7235877,124042644.19248612,777797795.327035,7.149474308042715e-09,2.970521345856149e-09,1.8626376185543823e-08,1.045508991888683
4.665954305634009,2271775355193.8555,148.61141725955167,4.704906657170946e+24,3.3606476122649617e+24,6.049165702076931e+24,2.728003746319205e-07,296030349.8284637,123003025.9953822,771236190.905261,7.08921096378871e-09,2.945625004229914e-09,1.8469241628111322e-08,1.0457467085571246
4.674177039148393,2267778886255.2915,147.82849207905838,4.721458885506661e+24,3.372470632504758e+24,6.070447138508565e+24,2.7511894586408433e-07,293535547.2593278,121972308.90717177,764731127.059465,7.029466475644659e-09,2.9209418226353924e-09,1.8313461080736757e-08,1.0459857980854228
4.682414263449019,2263789447837.5664,147.04969156038138,4.738066329622644e+24,3.384333092587603e+24,6.091799566657686e+24,2.774567973275973e-07,291062216.2205389,120950413.3167264,758282095.0596164,6.970236178726044e-09,2.8964698945785884e-09,1.8159022360566197e-08,1.0462262438744792
4.690666004072755,2259807027572.707,146.27499397368567,4.7547291931345297e+24,3.3962351379532354e+24,6.113223248315824e+24,2.7981408999138274e-07,288610163.7630557,119937260.36398041,751888591.0016998,6.911515452369952e-09,2.872207331551643e-09,1.800591340031711e-08,1.0464680286097057
4.698932286601477,2255831613114.4966,145.50437770361467,4.771447680646911e+24,3.408176914747794e+24,6.134718446546028e+24,2.8219098622077505e-07,286179198.7659101,118932771.93242794,745550115.7592621,6.853299719691403e-09,2.8481522628531565e-09,1.7854122247118016e-08,1.0467112260173084
4.70721313666214,2251863192138.439,144.73782124868762,4.788221997761259e+24,3.4201585698294707e+24,6.156285425693047e+24,2.8458764979078877e-07,283769131.9176748,117936870.64161769,739266174.9349613,6.79558444713954e-09,2.8243028354084558e-09,1.7703637061348225e-08,1.0469557920830077
4.715508579926865,2247901752341.717,143.97530322069903,4.8050523510816495e+24,3.432180250772607e+24,6.177924451390693e+24,2.870042458991937e-07,281379775.69846904,116949479.83986607,733036278.8134903,6.7383651440667115e-09,2.8006572135950915e-09,1.7554446115510448e-08,1.0472017687713127
4.72381864211301,2243947281443.158,143.2168023441225,4.821938948222747e+24,3.444242105873391e+24,6.199635790572104e+24,2.894409411800514e-07,279010944.3618312,115970523.59691545,726859942.314186,6.681637362294369e-09,2.7772135790670226e-09,1.740653779309591e-08,1.0474491437315387
4.73214334898326,2239999767183.1934,142.4622974555168,4.838881997816433e+24,3.4563442841545956e+24,6.221419711478272e+24,2.9189790371718966e-07,276662453.9169914,114999926.69675422,720736684.9446783,6.625396695688535e-09,2.7539701305826715e-09,1.7259900587474366e-08,1.0476979413524774
4.740482726345695,2236059197323.8223,141.7117675029354,4.855881709519295e+24,3.4684869353709253e+24,6.243276483667666e+24,2.9437530305792025e-07,274334122.11123526,114037614.63047284,714666030.7547091,6.569638779737454e-09,2.730925083833846e-09,1.7114523100788167e-08,1.0479481488208477
4.748836800053879,2232125559648.5723,140.96519154533928,4.872938294019602e+24,3.4806702100140013e+24,6.265206378025203e+24,2.968733102268607e-07,272025768.412497,113083513.58921453,708647508.2907374,6.514359291134748e-09,2.708076671276924e-09,1.697039404286515e-08,1.048199777250011
4.757205596006937,2228198841962.462,140.22254875201236,4.890051963044652e+24,3.4928942593176085e+24,6.287209666771695e+24,2.9939209773989717e-07,269737213.99214345,112137550.45720017,702680650.5507903,6.459553947367129e-09,2.685423141965818e-09,1.6827502230137462e-08,1.0484528691459363
4.765589140149637,2224279032091.962,139.48381840198036,4.907222929368364e+24,3.505159235263117e+24,6.309286623473611e+24,3.01931839618334e-07,267468281.70790774,111199652.80481602,696764994.939902,6.405218506305703e-09,2.6629627613864407e-09,1.66858365845744e-08,1.0487073848462123
4.773987458472469,2220366117884.9595,138.74897988343264,4.92445140681838e+24,3.517465290584557e+24,6.331437523052203e+24,3.0449271140315807e-07,265218796.08703762,110269748.88178635,690900083.2260301,6.351348765802413e-09,2.640693811293209e-09,1.654538613262674e-08,1.048963386056039
4.782400577011723,2216460087210.7197,138.0180126931474,4.94173761028396e+24,3.5298125787742574e+24,6.353662641793664e+24,3.0707489016949046e-07,262988583.3095937,109347767.6104072,685085461.4963964,6.297940563290074e-09,2.618614589547005e-09,1.6406140004181163e-08,1.0492208561099485
4.790828521849571,2212560927959.849,137.29089643591945,4.959081755723315e+24,3.542201254088082e+24,6.375962257358548e+24,3.096785545411559e-07,260777471.19195768,108433638.5788661,679320680.1143098,6.244989775387434e-09,2.5967234099552034e-09,1.6268087431526313e-08,1.0494797919100198
4.799271319114156,2208668628044.2544,136.56761082399063,4.976484060171296e+24,3.5546314715509255e+24,6.398336648791666e+24,3.123038847054279e-07,258585289.17049938,107527292.03462404,673605293.6765319,6.192492317508038e-09,2.5750186021131835e-09,1.6131217748331798e-08,1.0497402092084676
4.8077289949796596,2204783175397.108,135.84813567648447,4.993944741747135e+24,3.5671033869622396e+24,6.420786096532032e+24,3.1495106242792617e-07,256411868.2854228,106628658.87786451,667938860.9709736,6.140444143473381e-09,2.553498511247449e-09,1.599552038863509e-08,1.0500021286597272
4.816201575666394,2200904557972.811,135.13245091884272,5.011464019662549e+24,3.5796171569018207e+24,6.443310882423278e+24,3.1762027106774796e-07,254257041.1647246,105737670.65500885,662320944.9348072,6.088841245128752e-09,2.532161498060338e-09,1.5860984885838455e-08,1.050265552131009
4.824689087440878,2197032763746.9536,134.42053658226533,5.029042114228948e+24,3.5921729387349627e+24,6.465911289722933e+24,3.2031169559255005e-07,252120642.00849512,104854259.55233829,656751112.6133423,6.037679651967285e-09,2.511005938577286e-09,1.5727600871724115e-08,1.0505304958610526
4.8331915566159145,2193167780716.2825,133.7123728031536,5.046679246866242e+24,3.604770890618745e+24,6.488587603113741e+24,3.230255225941078e-07,250002506.57313368,103978358.38960649,651228935.1188053,5.986955430751944e-09,2.49003022399386e-09,1.55953580754671e-08,1.0507969567768265
4.841709009550685,2189309596898.6555,133.00793982255516,5.064375640110232e+24,3.6174111715073086e+24,6.511340108713156e+24,3.2576194030376536e-07,247902472.15595287,103109900.61379796,645753987.5900576,5.936664685146844e-09,2.4692327605262904e-09,1.5464246322670615e-08,1.0510649706397193
4.8502414726508185,2185458200333.013,132.3072179856135,5.082131517620821e+24,3.6300939411577295e+24,6.534169094083913e+24,3.285211386081674e-07,245820377.57985434,102248820.29291935,640325849.1525394,5.886803555350268e-09,2.4486119692627846e-09,1.5334255534406793e-08,1.0513345199785398
4.8587889723684805,2181613579079.334,131.61018774101893,5.099947104190579e+24,3.6428193601361277e+24,6.557074848245031e+24,3.313033090652274e-07,243756063.17811877,101395052.10983372,634944102.8784862,5.837368217730425e-09,2.4281662860158748e-09,1.5205375726263962e-08,1.0516056315835642
4.86735153520245,2177775721218.6052,130.91682964046367,5.117822625752605e+24,3.6555875898232897e+24,6.580057661681922e+24,3.341086449201218e-07,241709370.77946812,100548531.35620682,629608335.747875,5.788354884467721e-09,2.4078941611774457e-09,1.5077597007411418e-08,1.051878307186836
4.875929187698205,2173944614852.7795,130.2271243380988,5.135758309389037e+24,3.6683987924207406e+24,6.603117826357333e+24,3.369373411215929e-07,239680143.6931859,99709193.9264767,624318138.6095161,5.739759803198436e-09,2.3877940595743196e-09,1.4950909579667646e-08,1.0521525637756426
4.884521956448006,2170120248104.7407,129.54105258999445,5.153754383339573e+24,3.681253130956838e+24,6.626255635722309e+24,3.39789594338345e-07,237668226.69445705,98876976.3119104,619073106.1427168,5.6915792566636434e-09,2.3678644603259312e-09,1.482530373658227e-08,1.0524283894406914
4.893129868090976,2166302609118.2664,128.8585952536029,5.171811077009847e+24,3.6941507692927484e+24,6.649471384726948e+24,3.426656029756651e-07,235673466.0098302,98051815.59471428,613872836.8192838,5.643809562361063e-09,2.348103856703282e-09,1.4700769862526126e-08,1.0527058199438368
4.901752949313184,2162491686057.9917,128.17973328722485,5.189928620979862e+24,3.707091872128473e+24,6.672765369831252e+24,3.455655671921558e-07,233695709.30288142,97233649.44221331,608716932.8659855,5.596447072201752e-09,2.328510755989549e-09,1.4577298431792271e-08,1.0529848628852816
4.910391226847724,2158687467109.3728,127.50444774947765,5.208107247013174e+24,3.72007660500941e+24,6.696137889016938e+24,3.4848968891681533e-07,231734805.6599177,96422416.101072,603605000.2272661,5.5494881721677306e-09,2.3090836793416903e-09,1.4454880007703122e-08,1.053265535447796
4.919044727474808,2154889940478.6487,126.83271979876693,5.226347188065308e+24,3.733105134332363e+24,6.719589241798254e+24,3.514381718661192e-07,229790605.57595867,95618054.39159586,598536648.5284975,5.502929281976275e-09,2.2898211616539795e-09,1.433350524173042e-08,1.0535478211640097
4.9277134780218335,2151099094392.8079,126.16453069276122,5.244648678292584e+24,3.746177627351846e+24,6.743119729233323e+24,3.5441122156136303e-07,227862960.94081494,94820503.70209503,593511491.0396277,5.456766854746541e-09,2.2707217514230256e-09,1.4213164872624672e-08,1.0538317465574876
4.936397505363484,2147314917099.547,125.4998617878683,5.263011953061092e+24,3.7592942521864945e+24,6.76672965393569e+24,3.5740904534622996e-07,225951725.02529174,94029703.98328896,588529144.6390933,5.410997376669158e-09,2.2517840106137826e-09,1.4093849725550973e-08,1.0541173151786378
4.945096836421799,2143537396867.2388,124.83869453871574,5.281437248955894e+24,3.7724551778256385e+24,6.79041932008615e+24,3.6043185240451795e-07,224056752.4675605,93245595.74278095,583589229.778189,5.365617366679873e-09,2.2330065145272243e-09,1.3975550711235723e-08,1.0544045586705186
4.953811498166263,2139766521984.8938,124.1810104976331,5.299924803789944e+24,3.785660574135674e+24,6.814189033444214e+24,3.634798537780806e-07,222177899.25966284,92468120.03958647,578691370.4457792,5.3206233761363506e-09,2.2143878516693133e-09,1.3858258825121568e-08,1.0546934556026089
4.9625415176138885,2136002280762.1245,123.52679131413721,5.318474856613289e+24,3.7989106118666347e+24,6.838039101359943e+24,3.665532623849182e-07,220315022.7341862,91697218.47872962,573835194.1334604,5.276011988499083e-09,2.195926623621598e-09,1.3741965146533105e-08,1.0549840582969776
4.9712869218293,2132244661529.1086,122.87601873442033,5.337087647722658e+24,3.8122054626590415e+24,6.861969832786275e+24,3.696522930375805e-07,218467981.5510119,90932833.20587015,569020331.8009123,5.231779819014041e-09,2.1776214449125433e-09,1.3626660837847146e-08,1.0552763404512517
4.980047737924818,2128493652636.5532,122.22867460084052,5.355763418670351e+24,3.8255452990502505e+24,6.885981538290451e+24,3.72777162461604e-07,216636635.6843047,90174906.90202847,564246417.8418887,5.1879235144011105e-09,2.1594709428912074e-09,1.3512337143678273e-08,1.0555703443597848
4.9888239930605405,2124749242455.6592,121.58474085141546,5.374502412274313e+24,3.838930294481652e+24,6.910074530066974e+24,3.7592808931435887e-07,214820846.4095178,89423382.77830832,559513090.0501938,5.144439752542881e-09,2.141473757600862e-09,1.3398985390064045e-08,1.0558660393058619
4.997615714444434,2121011419378.0828,120.94419951931785,5.393304872627145e+24,3.8523606233051034e+24,6.934249121949187e+24,3.791052942039216e-07,213020476.2906421,88678204.57074128,554819989.5864528,5.101325242179309e-09,2.1236285416555314e-09,1.3286596983669253e-08,1.0561634876144055
5.006422929332407,2117280171815.9038,120.30703273237499,5.412171045106125e+24,3.865836460790089e+24,6.95850562942216e+24,3.8230899970826646e-07,211235389.16752633,87939316.53512801,550166760.9448088,5.0585767226040584e-09,2.1059339601164524e-09,1.3175163410988366e-08,1.0564626635183887
5.015245665028403,2113555488201.5872,119.67322271256944,5.431101176383055e+24,3.8793579831307536e+24,6.982844369635357e+24,3.855394303946885e-07,209465450.143322,87206663.44195545,545553051.9202489,5.0161909633638395e-09,2.088388690370353e-09,1.3064676237563095e-08,1.056763575042359
5.024083948884486,2109837356987.9448,119.04275177554298,5.450095514433649e+24,3.892925367452607e+24,7.007265661414692e+24,3.8879681283929797e-07,207710525.57213962,86480190.57138678,540978513.5762212,4.974164763962808e-09,2.0709914220094746e-09,1.2955127107206886e-08,1.0570662705511649
5.032937808300916,2106125766648.1047,118.41560233010362,5.469154308548139e+24,3.9065387918200996e+24,7.03176982527618e+24,3.920813756469636e-07,205970483.0467093,85759843.70825712,536442800.21241987,4.932494953567059e-09,2.0537408567117317e-09,1.2846507741233444e-08,1.057370734437571
5.041807270726248,2102420705675.4712,117.79175687773429,5.488277809340859e+24,3.920198435243471e+24,7.056357183438247e+24,3.9539334947125723e-07,204245191.3862905,85045569.13716972,531945569.33317024,4.891178390715103e-09,2.0366357081232763e-09,1.2738809937699651e-08,1.0576769752120936
5.050692363657402,2098722162583.692,117.17119801210507,5.507466268760567e+24,3.9339044776861194e+24,7.081028059835015e+24,3.98732967034761e-07,202534520.62463418,84337313.63761187,527486481.61595345,4.850211963029584e-09,2.0196747017415367e-09,1.2632025570651794e-08,1.057985016729878
5.059593114639756,2095030125906.6208,116.5539084185873,5.526719940100934e+24,3.947657100072096e+24,7.105782780129773e+24,4.0210046314959864e-07,200838341.99807483,83635024.47912475,523065200.880273,4.809592586932112e-09,2.002856574799547e-09,1.252614658937999e-08,1.0582948679172526
5.068509551267234,2091344584198.283,115.93987087377039,5.546039078010397e+24,3.961456484293141e+24,7.130621671727654e+24,4.0549607473806573e-07,199156527.93381366,82938649.41655017,518681394.0570219,4.769317207362676e-09,1.986180076152116e-09,1.2421165017684616e-08,1.05860654784356
5.077441701182389,2087665526032.8381,115.3290682449812,5.565423938503319e+24,3.975302813216657e+24,7.155545063789983e+24,4.089200408537446e-07,197488952.0381986,82248136.68527527,514334731.15784615,4.7293827974989765e-09,1.969643966161954e-09,1.2317072953142632e-08,1.0589200617122279
5.086389592076485,2083992940004.5464,114.72148348980627,5.584874778970048e+24,3.989196270692892e+24,7.180553287247205e+24,4.1237260270256396e-07,195835489.0852725,81563434.99658649,510024885.2451964,4.689786358482185e-09,1.9532470165884057e-09,1.2213862566390391e-08,1.0592354175551333
5.095353251689587,2080326814727.7341,114.11709965561636,5.604391858187844e+24,4.003137041562746e+24,7.205646674812943e+24,4.1585400366435353e-07,194196015.00531563,80884493.53302073,505751532.40238154,4.650524919142562e-09,1.9369880104761264e-09,1.2111526100406499e-08,1.059552635640453
5.104332707810644,2076667138836.7556,113.51589987909306,5.623975436331579e+24,4.0171253116654136e+24,7.230825560997744e+24,4.193644893144547e-07,192570406.8735985,80211261.94380194,501514351.7041596,4.611595535730115e-09,1.920865742045797e-09,1.2010055869807526e-08,1.0598717150810275
5.11332798827758,2073013900985.9607,112.91786738575858,5.643625774984812e+24,4.031161267846294e+24,7.256090282123329e+24,4.229043074457367e-07,190958542.89917684,79543690.34029432,497313025.18745565,4.572995291646265e-09,1.9048790165852404e-09,1.1909444260146784e-08,1.060192685874386
5.122339120977375,2069367089849.657,112.32298548950757,5.66334313715072e+24,4.0452450979648004e+24,7.281441176336641e+24,4.264737080907377e-07,189360302.41386244,78881729.2915264,493147237.8224889,4.534721297179727e-09,1.8890266503422325e-09,1.180968372722289e-08,1.0605155478481303
5.131366133846158,2065726694122.0757,111.73123759214147,5.683127787263209e+24,4.059376990902292e+24,7.306878583624126e+24,4.3007294354413245e-07,187775565.86127436,78225329.81974985,489016677.48420495,4.496770689244311e-09,1.8733074704181474e-09,1.1710766796395625e-08,1.0608403464351184
5.140409054869283,2062092702517.3389,111.14260718290583,5.702979991198331e+24,4.073557136570237e+24,7.332402845826426e+24,4.337022683854511e-07,186204214.78600788,77574443.39603713,484921034.9239164,4.459140631119544e-09,1.8577203146625326e-09,1.1612686061906808e-08,1.0611670304933671
5.149467912081426,2058465103769.4216,110.55707783802916,5.722900016285407e+24,4.0877857259181476e+24,7.358014306652666e+24,4.373619395020143e-07,184646131.82293484,76929021.93595234,480860003.74137014,4.421828312194439e-09,1.8422640315694341e-09,1.1515434186211368e-08,1.0614956656428247
5.158542733566667,2054843886632.1182,109.97463322026488,5.742888131318727e+24,4.1020629509419476e+24,7.383713311695506e+24,4.4105221611219644e-07,183101200.68658736,76289017.79522906,476833280.35694647,4.384830947713266e-09,1.8269374801738943e-09,1.141900389931159e-08,1.061826247602134
5.167633547458578,2051229039879.0056,109.39525707843532,5.762944606569111e+24,4.1163890046922217e+24,7.409500208446e+24,4.447733597889175e-07,181569306.1606691,75654383.7655203,472840563.9842701,4.348145778524362e-09,1.8117395299501698e-09,1.1323387998101198e-08,1.0621587910750778
5.176740381940315,2047620552303.4114,108.81893324697843,5.783069713795623e+24,4.130764081282588e+24,7.435375346308658e+24,4.485256344834222e-07,180050334.08766788,75025073.07018046,468881556.6030554,4.311770070831388e-09,1.7966690607107224e-09,1.122857934571508e-08,1.0624933072801732
5.185863265244691,2044018412718.3782,108.24564564549695,5.803263726257522e+24,4.14518837589823e+24,7.461339076616815e+24,4.523093065493414e-07,178544171.35857397,74401039.36009231,464955962.93218756,4.2757011159471004e-09,1.7817249625062848e-09,1.1134570870884638e-08,1.062829805878018
5.195002225654281,2040422609956.6282,107.67537827830942,5.823526918726045e+24,4.159662084804318e+24,7.487391752647773e+24,4.56124644767007e-07,177050705.90271425,73782236.70954132,461063490.40323484,4.2399362300499105e-09,1.7669061355270591e-09,1.1041355567303476e-08,1.0631683189127996
5.204157291501499,2036833132870.528,107.10811523400376,5.843859567496653e+24,4.1741854053547526e+24,7.513533729638555e+24,4.5997192036806444e-07,175569826.67768583,73168619.61212374,457203849.13401514,4.2044727539428094e-09,1.7522114900047283e-09,1.0948926492994376e-08,1.0635088463194486
5.2133284911686895,2033249970332.056,106.5438406849937,5.864261950401391e+24,4.1887585360009937e+24,7.539765364801789e+24,4.6385140706043663e-07,174101423.65936872,72560142.97670315,453376751.9026009,4.1693080528142055e-09,1.737639946115622e-09,1.0857276769686788e-08,1.063851404560218
5.2225158530882165,2029673111232.7654,105.98253888707681,5.884734346820785e+24,4.203381676300561e+24,7.56608701734101e+24,4.677633810533942e-07,172645387.8321123,71956762.12341556,449581914.1215861,4.134439516002907e-09,1.7231904338850512e-09,1.0766399582200579e-08,1.0641959938653818
5.231719405742545,2026102544483.7532,105.42419417899569,5.905277037697142e+24,4.2180550269265295e+24,7.592499048467754e+24,4.717081210832399e-07,171201611.17890224,71358432.77968247,445819053.8124128,4.099864556762647e-09,1.7088618930918284e-09,1.0676288177831215e-08,1.0645426572538894
5.24093917766434,2022538259015.622,104.86879098200033,5.925890305546236e+24,4.2327787896758826e+24,7.619001821416589e+24,4.7568590843889354e-07,169769986.6717776,70765111.07631887,442087891.58031696,4.065580612032596e-09,1.6946532731750654e-09,1.0586935865749785e-08,1.0648913897019494
5.250175197436543,2018980243778.4492,104.31631379941413,5.946574434470731e+24,4.2475531674790933e+24,7.645595701462369e+24,4.796970269881207e-07,168350408.26222017,70176753.5436316,438388150.589203,4.0315851422072094e-09,1.6805635331407372e-09,1.0498336016401291e-08,1.0652421871103523
5.259427493692471,2015428487741.75,103.76674721620097,5.967329710172916e+24,4.2623783644092253e+24,7.672281055936606e+24,4.837417632039138e-07,166942770.8717005,69593317.10757968,434719556.53693235,3.997875630909826e-09,1.666591641469732e-09,1.0410482060912886e-08,1.0655950924587552
5.268696095115903,2011882979894.4434,103.22007589853519,5.988156419967482e+24,4.2772545856910585e+24,7.699058254243906e+24,4.878204061911502e-07,165546970.38233176,69014759.08598025,431081837.630888,3.964449584768853e-09,1.652736576026992e-09,1.0323367490508687e-08,1.065950133126369
5.27798103044116,2008343709244.8206,102.67628459337419,6.009054852795142e+24,4.292182037710816e+24,7.725927667879469e+24,4.919332477137184e-07,164162903.62756735,68441037.18473014,427474724.5636618,3.931304533194996e-09,1.6389973239710295e-09,1.023698585592756e-08,1.0663072842004298
5.287282328453208,2004810664820.508,102.1353581280323,6.030025299235545e+24,4.3071609280253895e+24,7.752889670445701e+24,4.960805822218049e-07,162790468.38304922,67872109.49409012,423897950.48912984,3.898438028162098e-09,1.6253728816649443e-09,1.0151330766850172e-08,1.066666583657177
5.296600017987735,2001283835668.4358,101.59728140975781,6.05106805152093e+24,4.3221914653720935e+24,7.779944637669769e+24,5.002627068795877e-07,161429563.35752103,67307934.48499373,420351250.9986959,3.8658476439895286e-09,1.6118622545880267e-09,1.0066395891330086e-08,1.0670280383989885
5.305934127931248,1997763210854.801,101.0620394253116,6.072183403549774e+24,4.3372738596784105e+24,7.807092947421139e+24,5.044799215932714e-07,160080088.18383166,66748471.00539421,416834364.0977802,3.833530977126746e-09,1.5984644572482794e-09,9.98217495523072e-09,1.0673916713565712
5.315284687221162,1994248779465.0364,100.52961724054839,6.093371650900291e+24,4.3524083220716367e+24,7.834334979728946e+24,5.087325290393939e-07,158741943.4100506,66193678.27665599,413347030.18258965,3.801485645940528e-09,1.5851785130959981e-09,9.898661741669048e-09,1.067757484002095
5.324651724845885,1990740530603.7744,100.00000000000003,6.114633090844614e+24,4.3675950648890103e+24,7.861671116800219e+24,5.130208346935497e-07,157415030.4906491,65643515.889973275,409888992.01707685,3.7697092905037804e-09,1.5720034544380085e-09,9.815850090463829e-09,1.0681255046139138
