analysis_identity,mass_msun,luminosity_ph_s,fraction_90_central,fraction_90_lower,fraction_90_median,fraction_90_upper
fl16y_v41_incident_e2_response_v1,1e-15,1e+25,4.581810694684913e-06,2.8101823019057784e-06,4.411924274680316e-06,7.058554265462012e-06
fl16y_v41_incident_e2_response_v1,1.1220184543019653e-15,1e+25,5.14087615355458e-06,3.1530764026910595e-06,4.950260455174128e-06,7.91982814654023e-06
fl16y_v41_incident_e2_response_v1,1.2589254117941663e-15,1e+25,5.768157915569119e-06,3.5378099116434095e-06,5.5542835843065955e-06,8.886193335318232e-06
fl16y_v41_incident_e2_response_v1,1.4125375446227554e-15,1e+25,6.471979628596508e-06,3.9694880086763105e-06,6.232008682018464e-06,9.970472910722187e-06
fl16y_v41_incident_e2_response_v1,1.584893192461111e-15,1e+25,7.261680579151632e-06,4.453838799865162e-06,6.992428748594758e-06,1.1187054603948079e-05
fl16y_v41_incident_e2_response_v1,1.7782794100389227e-15,1e+25,8.147739619054312e-06,4.997289325934829e-06,7.845634096314913e-06,1.2552081714913506e-05
fl16y_v41_incident_e2_response_v1,1.995262314968883e-15,1e+25,9.141914213426205e-06,5.607050845185107e-06,8.802946241766057e-06,1.4083667324039215e-05
fl16y_v41_incident_e2_response_v1,2.2387211385683378e-15,1e+25,1.0257396455109595e-05,6.291214522507096e-06,9.877068135489605e-06,1.580213464182151e-05
fl16y_v41_incident_e2_response_v1,2.511886431509582e-15,1e+25,1.1508988115724524e-05,7.0588587942254875e-06,1.108225272241724e-05,1.773028668548811e-05
fl16y_v41_incident_e2_response_v1,2.818382931264449e-15,1e+25,1.2913297056184865e-05,7.920169833432684e-06,1.2434492069790286e-05,1.9893708861182003e-05
fl16y_v41_incident_e2_response_v1,3.1622776601683794e-15,1e+25,1.4488957602922662e-05,8.886576714317194e-06,1.3951729572176145e-05,2.232110846675674e-05
fl16y_v41_incident_e2_response_v1,3.5481338923357604e-15,1e+25,1.6256877814077993e-05,9.970903069034017e-06,1.5654098049412095e-05,2.504469562017691e-05
fl16y_v41_incident_e2_response_v1,3.9810717055349695e-15,1e+25,1.8240516916727628e-05,1.1187537249512222e-05,1.7564186896892697e-05,2.8100610668213983e-05
fl16y_v41_incident_e2_response_v1,4.466835921509635e-15,1e+25,2.0466196596575584e-05,1.2552623252143364e-05,1.9707341833122378e-05,3.152940374689077e-05
fl16y_v41_incident_e2_response_v1,5.0118723362727146e-15,1e+25,2.2963450270729783e-05,1.4084274938804746e-05,2.2112001222000336e-05,3.5376572857148824e-05
fl16y_v41_incident_e2_response_v1,5.6234132519034904e-15,1e+25,2.5765414978204277e-05,1.5802816396801608e-05,2.4810073432631982e-05,3.969316759567898e-05
fl16y_v41_incident_e2_response_v1,6.309573444801943e-15,1e+25,2.8909271088293466e-05,1.7731051627157092e-05,2.7837360243999996e-05,4.453646655205259e-05
fl16y_v41_incident_e2_response_v1,7.079457843841374e-15,1e+25,3.24367356614834e-05,1.9894567139851066e-05,3.123403191281973e-05,4.997073736080502e-05
fl16y_v41_incident_e2_response_v1,7.943282347242822e-15,1e+25,3.639461600949904e-05,2.2322071471262367e-05,3.5045160208440245e-05,5.606808949389992e-05
fl16y_v41_incident_e2_response_v1,8.91250938133744e-15,1e+25,4.08354307998915e-05,2.504577612900369e-05,3.93213164878387e-05,6.290943110960959e-05
fl16y_v41_incident_e2_response_v1,1e-14,1e+25,4.581810694684913e-05,2.810182301905778e-05,4.4119242746803163e-05,7.058554265462012e-05
fl16y_v41_incident_e2_response_v1,1.1220184543019652e-14,1e+25,5.140876153554579e-05,3.15307640269106e-05,4.950260455174127e-05,7.91982814654023e-05
fl16y_v41_incident_e2_response_v1,1.2589254117941662e-14,1e+25,5.7681579155691184e-05,3.5378099116434094e-05,5.554283584306595e-05,8.88619333531823e-05
fl16y_v41_incident_e2_response_v1,1.4125375446227555e-14,1e+25,6.471979628596508e-05,3.9694880086763106e-05,6.232008682018465e-05,9.970472910722188e-05
fl16y_v41_incident_e2_response_v1,1.584893192461111e-14,1e+25,7.261680579151631e-05,4.453838799865162e-05,6.992428748594758e-05,0.0001118705460394808
fl16y_v41_incident_e2_response_v1,1.7782794100389227e-14,1e+25,8.147739619054312e-05,4.9972893259348286e-05,7.845634096314915e-05,0.00012552081714913506
fl16y_v41_incident_e2_response_v1,1.9952623149688828e-14,1e+25,9.141914213426204e-05,5.607050845185106e-05,8.802946241766057e-05,0.00014083667324039215
fl16y_v41_incident_e2_response_v1,2.2387211385683377e-14,1e+25,0.00010257396455109594,6.291214522507095e-05,9.877068135489605e-05,0.00015802134641821513
fl16y_v41_incident_e2_response_v1,2.5118864315095823e-14,1e+25,0.00011508988115724526,7.058858794225488e-05,0.00011082252722417242,0.00017730286685488112
fl16y_v41_incident_e2_response_v1,2.8183829312644492e-14,1e+25,0.00012913297056184867,7.920169833432685e-05,0.00012434492069790287,0.00019893708861182005
fl16y_v41_incident_e2_response_v1,3.1622776601683796e-14,1e+25,0.00014488957602922664,8.886576714317194e-05,0.00013951729572176145,0.00022321108466756743
fl16y_v41_incident_e2_response_v1,3.54813389233576e-14,1e+25,0.00016256877814077993,9.970903069034015e-05,0.00015654098049412097,0.0002504469562017691
fl16y_v41_incident_e2_response_v1,3.9810717055349693e-14,1e+25,0.00018240516916727628,0.00011187537249512221,0.000175641868968927,0.00028100610668213983
fl16y_v41_incident_e2_response_v1,4.466835921509635e-14,1e+25,0.0002046619659657558,0.00012552623252143363,0.00019707341833122378,0.0003152940374689077
fl16y_v41_incident_e2_response_v1,5.0118723362727144e-14,1e+25,0.00022963450270729782,0.00014084274938804746,0.00022112001222000338,0.00035376572857148827
fl16y_v41_incident_e2_response_v1,5.6234132519034906e-14,1e+25,0.0002576541497820428,0.00015802816396801608,0.0002481007343263198,0.00039693167595678983
fl16y_v41_incident_e2_response_v1,6.309573444801943e-14,1e+25,0.0002890927108829347,0.00017731051627157095,0.00027837360243999996,0.0004453646655205259
fl16y_v41_incident_e2_response_v1,7.079457843841373e-14,1e+25,0.00032436735661483396,0.00019894567139851067,0.0003123403191281972,0.0004997073736080502
fl16y_v41_incident_e2_response_v1,7.943282347242822e-14,1e+25,0.00036394616009499035,0.00022322071471262366,0.00035045160208440246,0.0005606808949389992
fl16y_v41_incident_e2_response_v1,8.912509381337441e-14,1e+25,0.00040835430799891504,0.0002504577612900369,0.00039321316487838704,0.0006290943110960958
fl16y_v41_incident_e2_response_v1,1e-13,1e+25,0.0004581810694684913,0.0002810182301905778,0.0004411924274680316,0.0007058554265462012
fl16y_v41_incident_e2_response_v1,1.1220184543019653e-13,1e+25,0.000514087615355458,0.000315307640269106,0.0004950260455174128,0.000791982814654023
fl16y_v41_incident_e2_response_v1,1.2589254117941663e-13,1e+25,0.0005768157915569119,0.00035378099116434097,0.0005554283584306596,0.0008886193335318231
fl16y_v41_incident_e2_response_v1,1.4125375446227554e-13,1e+25,0.0006471979628596508,0.00039694880086763105,0.0006232008682018464,0.0009970472910722187
fl16y_v41_incident_e2_response_v1,1.584893192461111e-13,1e+25,0.0007261680579151631,0.00044538387998651615,0.0006992428748594758,0.0011187054603948078
fl16y_v41_incident_e2_response_v1,1.7782794100389227e-13,1e+25,0.0008147739619054314,0.0004997289325934829,0.0007845634096314914,0.0012552081714913507
fl16y_v41_incident_e2_response_v1,1.9952623149688827e-13,1e+25,0.0009141914213426204,0.0005607050845185107,0.0008802946241766056,0.0014083667324039215
fl16y_v41_incident_e2_response_v1,2.2387211385683378e-13,1e+25,0.0010257396455109595,0.0006291214522507096,0.0009877068135489605,0.0015802134641821513
fl16y_v41_incident_e2_response_v1,2.511886431509582e-13,1e+25,0.0011508988115724523,0.0007058858794225488,0.001108225272241724,0.0017730286685488112
fl16y_v41_incident_e2_response_v1,2.818382931264449e-13,1e+25,0.0012913297056184867,0.0007920169833432683,0.001243449206979029,0.001989370886118201
fl16y_v41_incident_e2_response_v1,3.162277660168379e-13,1e+25,0.0014488957602922662,0.0008886576714317194,0.0013951729572176143,0.0022321108466756743
fl16y_v41_incident_e2_response_v1,3.5481338923357605e-13,1e+25,0.0016256877814077994,0.0009970903069034015,0.0015654098049412096,0.002504469562017691
fl16y_v41_incident_e2_response_v1,3.981071705534969e-13,1e+25,0.0018240516916727628,0.0011187537249512222,0.00175641868968927,0.0028100610668213982
fl16y_v41_incident_e2_response_v1,4.4668359215096347e-13,1e+25,0.002046619659657558,0.0012552623252143364,0.001970734183312238,0.0031529403746890765
fl16y_v41_incident_e2_response_v1,5.011872336272715e-13,1e+25,0.0022963450270729784,0.0014084274938804748,0.0022112001222000335,0.0035376572857148823
fl16y_v41_incident_e2_response_v1,5.62341325190349e-13,1e+25,0.0025765414978204276,0.0015802816396801606,0.002481007343263198,0.003969316759567898
fl16y_v41_incident_e2_response_v1,6.309573444801942e-13,1e+25,0.0028909271088293467,0.0017731051627157093,0.0027837360243999996,0.004453646655205259
fl16y_v41_incident_e2_response_v1,7.079457843841374e-13,1e+25,0.00324367356614834,0.001989456713985107,0.0031234031912819728,0.004997073736080502
fl16y_v41_incident_e2_response_v1,7.943282347242822e-13,1e+25,0.003639461600949904,0.002232207147126236,0.003504516020844024,0.005606808949389992
fl16y_v41_incident_e2_response_v1,8.91250938133744e-13,1e+25,0.00408354307998915,0.002504577612900369,0.00393213164878387,0.006290943110960958
fl16y_v41_incident_e2_response_v1,1e-12,1e+25,0.004581810694684912,0.002810182301905778,0.004411924274680316,0.007058554265462012
fl16y_v41_incident_e2_response_v1,1.1220184543019652e-12,1e+25,0.00514087615355458,0.0031530764026910596,0.004950260455174127,0.00791982814654023
fl16y_v41_incident_e2_response_v1,1.258925411794166e-12,1e+25,0.005768157915569117,0.0035378099116434095,0.0055542835843065946,0.00888619333531823
fl16y_v41_incident_e2_response_v1,1.4125375446227555e-12,1e+25,0.006471979628596507,0.003969488008676311,0.006232008682018465,0.009970472910722188
fl16y_v41_incident_e2_response_v1,1.584893192461111e-12,1e+25,0.0072616805791516316,0.004453838799865163,0.0069924287485947575,0.011187054603948081
fl16y_v41_incident_e2_response_v1,1.7782794100389228e-12,1e+25,0.008147739619054314,0.004997289325934829,0.007845634096314915,0.012552081714913507
fl16y_v41_incident_e2_response_v1,1.9952623149688827e-12,1e+25,0.009141914213426205,0.0056070508451851065,0.008802946241766056,0.014083667324039215
fl16y_v41_incident_e2_response_v1,2.238721138568338e-12,1e+25,0.010257396455109596,0.006291214522507096,0.009877068135489605,0.01580213464182151
fl16y_v41_incident_e2_response_v1,2.5118864315095823e-12,1e+25,0.011508988115724527,0.007058858794225488,0.011082252722417241,0.017730286685488112
fl16y_v41_incident_e2_response_v1,2.8183829312644492e-12,1e+25,0.012913297056184866,0.007920169833432683,0.012434492069790288,0.019893708861182004
fl16y_v41_incident_e2_response_v1,3.1622776601683794e-12,1e+25,0.014488957602922662,0.008886576714317194,0.013951729572176145,0.022321108466756744
fl16y_v41_incident_e2_response_v1,3.5481338923357604e-12,1e+25,0.016256877814077992,0.009970903069034014,0.015654098049412098,0.02504469562017691
fl16y_v41_incident_e2_response_v1,3.9810717055349695e-12,1e+25,0.018240516916727626,0.011187537249512223,0.017564186896892698,0.028100610668213982
fl16y_v41_incident_e2_response_v1,4.466835921509635e-12,1e+25,0.020466196596575583,0.012552623252143362,0.019707341833122376,0.03152940374689077
fl16y_v41_incident_e2_response_v1,5.011872336272715e-12,1e+25,0.022963450270729782,0.014084274938804747,0.022112001222000337,0.035376572857148826
fl16y_v41_incident_e2_response_v1,5.6234132519034904e-12,1e+25,0.025765414978204275,0.01580281639680161,0.024810073432631984,0.03969316759567899
fl16y_v41_incident_e2_response_v1,6.309573444801943e-12,1e+25,0.028909271088293463,0.017731051627157095,0.027837360243999996,0.044536466552052595
fl16y_v41_incident_e2_response_v1,7.079457843841373e-12,1e+25,0.0324367356614834,0.019894567139851067,0.031234031912819725,0.04997073736080502
fl16y_v41_incident_e2_response_v1,7.943282347242821e-12,1e+25,0.03639461600949903,0.02232207147126236,0.03504516020844024,0.056068089493899916
fl16y_v41_incident_e2_response_v1,8.912509381337441e-12,1e+25,0.040835430799891506,0.025045776129003692,0.0393213164878387,0.06290943110960959
fl16y_v41_incident_e2_response_v1,1e-11,1e+25,0.045818106946849124,0.028101823019057778,0.04411924274680316,0.07058554265462011
fl16y_v41_incident_e2_response_v1,1.1220184543019653e-11,1e+25,0.05140876153554579,0.0315307640269106,0.049502604551741276,0.07919828146540231
fl16y_v41_incident_e2_response_v1,1.2589254117941713e-11,1e+25,0.05768157915569142,0.03537809911643424,0.05554283584306618,0.08886193335318267
fl16y_v41_incident_e2_response_v1,1.4125375446227554e-11,1e+25,0.06471979628596507,0.039694880086763105,0.062320086820184646,0.09970472910722188
fl16y_v41_incident_e2_response_v1,1.5848931924611107e-11,1e+25,0.0726168057915163,0.04453838799865162,0.06992428748594756,0.11187054603948078
fl16y_v41_incident_e2_response_v1,1.7782794100389227e-11,1e+25,0.08147739619054313,0.04997289325934828,0.07845634096314914,0.12552081714913507
fl16y_v41_incident_e2_response_v1,1.9952623149688828e-11,1e+25,0.09141914213426204,0.05607050845185106,0.08802946241766056,0.14083667324039215
fl16y_v41_incident_e2_response_v1,2.238721138568347e-11,1e+25,0.10257396455109637,0.06291214522507121,0.09877068135489646,0.15802134641821575
fl16y_v41_incident_e2_response_v1,2.5118864315095823e-11,1e+25,0.11508988115724526,0.07058858794225488,0.1108225272241724,0.17730286685488114
fl16y_v41_incident_e2_response_v1,2.8183829312644493e-11,1e+25,0.12913297056184866,0.07920169833432684,0.12434492069790289,0.19893708861182008
fl16y_v41_incident_e2_response_v1,3.1622776601683794e-11,1e+25,0.14488957602922664,0.08886576714317194,0.13951729572176144,0.22321108466756742
fl16y_v41_incident_e2_response_v1,3.548133892335761e-11,1e+25,0.16256877814077994,0.09970903069034016,0.15654098049412096,0.2504469562017691
fl16y_v41_incident_e2_response_v1,3.9810717055349857e-11,1e+25,0.18240516916727703,0.11187537249512267,0.17564186896892772,0.281006106682141
fl16y_v41_incident_e2_response_v1,4.4668359215096346e-11,1e+25,0.2046619659657558,0.12552623252143363,0.19707341833122374,0.31529403746890766
fl16y_v41_incident_e2_response_v1,5.011872336272715e-11,1e+25,0.22963450270729785,0.14084274938804747,0.2211200122200034,0.3537657285714883
fl16y_v41_incident_e2_response_v1,5.6234132519034906e-11,1e+25,0.25765414978204276,0.15802816396801608,0.24810073432631985,0.39693167595678985
fl16y_v41_incident_e2_response_v1,6.309573444801942e-11,1e+25,0.28909271088293464,0.17731051627157093,0.2783736024399999,0.44536466552052584
fl16y_v41_incident_e2_response_v1,7.079457843841402e-11,1e+25,0.32436735661483534,0.19894567139851146,0.31234031912819854,0.4997073736080523
fl16y_v41_incident_e2_response_v1,7.943282347242822e-11,1e+25,0.36394616009499037,0.22322071471262364,0.35045160208440246,0.5606808949389992
fl16y_v41_incident_e2_response_v1,8.912509381337441e-11,1e+25,0.40835430799891503,0.25045776129003694,0.393213164878387,0.6290943110960958
fl16y_v41_incident_e2_response_v1,1e-10,1e+25,0.45818106946849124,0.2810182301905778,0.4411924274680316,0.7058554265462011
fl16y_v41_incident_e2_response_v1,1.1220184543019652e-10,1e+25,0.5140876153554579,0.3153076402691059,0.4950260455174127,0.791982814654023
fl16y_v41_incident_e2_response_v1,1.2589254117941713e-10,1e+25,0.5768157915569142,0.3537809911643424,0.5554283584306617,0.8886193335318266
fl16y_v41_incident_e2_response_v1,1.4125375446227556e-10,1e+25,0.6471979628596509,0.39694880086763107,0.6232008682018465,0.9970472910722187
fl16y_v41_incident_e2_response_v1,1.584893192461111e-10,1e+25,0.7261680579151631,0.4453838799865162,0.6992428748594757,1.118705460394808
fl16y_v41_incident_e2_response_v1,1.778279410038923e-10,1e+25,0.8147739619054314,0.49972893259348294,0.7845634096314915,1.255208171491351
fl16y_v41_incident_e2_response_v1,1.9952623149688828e-10,1e+25,0.9141914213426204,0.5607050845185106,0.8802946241766056,1.4083667324039215
fl16y_v41_incident_e2_response_v1,2.238721138568347e-10,1e+25,1.0257396455109635,0.6291214522507121,0.9877068135489646,1.5802134641821577
fl16y_v41_incident_e2_response_v1,2.511886431509582e-10,1e+25,1.1508988115724526,0.7058858794225487,1.1082252722417238,1.773028668548811
fl16y_v41_incident_e2_response_v1,2.8183829312644494e-10,1e+25,1.2913297056184867,0.7920169833432685,1.2434492069790288,1.9893708861182007
fl16y_v41_incident_e2_response_v1,3.1622776601683795e-10,1e+25,1.4488957602922663,0.8886576714317194,1.3951729572176144,2.2321108466756745
fl16y_v41_incident_e2_response_v1,3.5481338923357605e-10,1e+25,1.6256877814077995,0.9970903069034015,1.5654098049412097,2.5044695620176913
fl16y_v41_incident_e2_response_v1,3.9810717055349854e-10,1e+25,1.82405169167277,1.1187537249512267,1.756418689689277,2.81006106682141
fl16y_v41_incident_e2_response_v1,4.4668359215096347e-10,1e+25,2.046619659657558,1.2552623252143362,1.9707341833122376,3.1529403746890767
fl16y_v41_incident_e2_response_v1,5.011872336272714e-10,1e+25,2.296345027072978,1.4084274938804746,2.2112001222000335,3.5376572857148822
fl16y_v41_incident_e2_response_v1,5.623413251903491e-10,1e+25,2.5765414978204277,1.5802816396801609,2.4810073432631987,3.969316759567899
fl16y_v41_incident_e2_response_v1,6.309573444801942e-10,1e+25,2.8909271088293464,1.773105162715709,2.7837360243999996,4.453646655205259
fl16y_v41_incident_e2_response_v1,7.079457843841402e-10,1e+25,3.243673566148353,1.9894567139851147,3.123403191281985,4.997073736080522
fl16y_v41_incident_e2_response_v1,7.943282347242822e-10,1e+25,3.639461600949904,2.2322071471262364,3.5045160208440245,5.6068089493899915
fl16y_v41_incident_e2_response_v1,8.912509381337441e-10,1e+25,4.08354307998915,2.504577612900369,3.9321316487838702,6.290943110960958
fl16y_v41_incident_e2_response_v1,1e-09,1e+25,4.581810694684913,2.8101823019057783,4.411924274680316,7.058554265462012
fl16y_v41_incident_e2_response_v1,1.1220184543019653e-09,1e+25,5.14087615355458,3.1530764026910596,4.950260455174128,7.91982814654023
fl16y_v41_incident_e2_response_v1,1.2589254117941712e-09,1e+25,5.768157915569141,3.5378099116434236,5.554283584306617,8.886193335318266
fl16y_v41_incident_e2_response_v1,1.4125375446227555e-09,1e+25,6.471979628596508,3.9694880086763105,6.232008682018465,9.970472910722187
fl16y_v41_incident_e2_response_v1,1.584893192461111e-09,1e+25,7.261680579151632,4.453838799865162,6.992428748594758,11.18705460394808
fl16y_v41_incident_e2_response_v1,1.7782794100389228e-09,1e+25,8.147739619054313,4.997289325934829,7.845634096314915,12.552081714913509
fl16y_v41_incident_e2_response_v1,1.9952623149688828e-09,1e+25,9.141914213426203,5.607050845185106,8.802946241766056,14.083667324039215
fl16y_v41_incident_e2_response_v1,2.238721138568347e-09,1e+25,10.257396455109635,6.291214522507121,9.877068135489644,15.802134641821576
fl16y_v41_incident_e2_response_v1,2.511886431509582e-09,1e+25,11.508988115724524,7.058858794225487,11.08225272241724,17.73028668548811
fl16y_v41_incident_e2_response_v1,2.8183829312644493e-09,1e+25,12.913297056184868,7.920169833432684,12.434492069790288,19.893708861182006
fl16y_v41_incident_e2_response_v1,3.1622776601683795e-09,1e+25,14.488957602922662,8.886576714317194,13.951729572176143,22.321108466756744
fl16y_v41_incident_e2_response_v1,3.5481338923357603e-09,1e+25,16.256877814077995,9.970903069034016,15.654098049412095,25.04469562017691
fl16y_v41_incident_e2_response_v1,3.9810717055349855e-09,1e+25,18.2405169167277,11.187537249512268,17.564186896892767,28.100610668214095
fl16y_v41_incident_e2_response_v1,4.466835921509635e-09,1e+25,20.466196596575585,12.552623252143364,19.707341833122378,31.529403746890768
fl16y_v41_incident_e2_response_v1,5.011872336272715e-09,1e+25,22.963450270729783,14.084274938804747,22.112001222000337,35.37657285714882
fl16y_v41_incident_e2_response_v1,5.623413251903491e-09,1e+25,25.765414978204277,15.80281639680161,24.810073432631988,39.693167595678986
fl16y_v41_incident_e2_response_v1,6.309573444801943e-09,1e+25,28.90927108829347,17.731051627157093,27.837360243999996,44.53646655205259
fl16y_v41_incident_e2_response_v1,7.0794578438414025e-09,1e+25,32.436735661483524,19.894567139851148,31.23403191281985,49.97073736080523
fl16y_v41_incident_e2_response_v1,7.943282347242822e-09,1e+25,36.39461600949904,22.322071471262365,35.045160208440244,56.068089493899926
fl16y_v41_incident_e2_response_v1,8.912509381337441e-09,1e+25,40.835430799891505,25.04577612900369,39.3213164878387,62.90943110960959
fl16y_v41_incident_e2_response_v1,1e-08,1e+25,45.81810694684913,28.101823019057782,44.11924274680316,70.58554265462013
fl16y_v41_incident_e2_response_v1,1.1220184543019653e-08,1e+25,51.40876153554579,31.5307640269106,49.50260455174128,79.19828146540232
fl16y_v41_incident_e2_response_v1,1.2589254117941687e-08,1e+25,57.681579155691296,35.378099116434164,55.542835843066065,88.8619333531825
fl16y_v41_incident_e2_response_v1,1.4125375446227554e-08,1e+25,64.71979628596507,39.694880086763106,62.32008682018465,99.70472910722187
fl16y_v41_incident_e2_response_v1,1.5848931924611143e-08,1e+25,72.61680579151647,44.538387998651714,69.92428748594773,111.87054603948104
fl16y_v41_incident_e2_response_v1,1.7782794100389228e-08,1e+25,81.47739619054313,49.97289325934829,78.45634096314915,125.52081714913508
fl16y_v41_incident_e2_response_v1,1.995262314968883e-08,1e+25,91.41914213426205,56.07050845185107,88.02946241766058,140.83667324039217
fl16y_v41_incident_e2_response_v1,2.2387211385683424e-08,1e+25,102.57396455109615,62.912145225071086,98.77068135489625,158.02134641821544
fl16y_v41_incident_e2_response_v1,2.511886431509582e-08,1e+25,115.08988115724524,70.58858794225488,110.8225272241724,177.30286685488113
fl16y_v41_incident_e2_response_v1,2.818382931264455e-08,1e+25,129.13297056184894,79.201698334327,124.34492069790313,198.93708861182046
fl16y_v41_incident_e2_response_v1,3.162277660168379e-08,1e+25,144.88957602922662,88.86576714317194,139.51729572176143,223.2110846675674
fl16y_v41_incident_e2_response_v1,3.5481338923357604e-08,1e+25,162.56877814077995,99.70903069034016,156.54098049412096,250.4469562017691
fl16y_v41_incident_e2_response_v1,3.9810717055349776e-08,1e+25,182.40516916727665,111.87537249512245,175.64186896892733,281.0061066821404
fl16y_v41_incident_e2_response_v1,4.4668359215096346e-08,1e+25,204.66196596575583,125.52623252143361,197.07341833122376,315.2940374689077
fl16y_v41_incident_e2_response_v1,5.011872336272725e-08,1e+25,229.6345027072983,140.84274938804776,221.12001222000382,353.76572857148903
fl16y_v41_incident_e2_response_v1,5.6234132519034905e-08,1e+25,257.65414978204274,158.02816396801606,248.10073432631984,396.93167595678983
fl16y_v41_incident_e2_response_v1,6.309573444801943e-08,1e+25,289.0927108829347,177.31051627157092,278.37360243999996,445.3646655205259
fl16y_v41_incident_e2_response_v1,7.079457843841387e-08,1e+25,324.36735661483465,198.94567139851105,312.3403191281979,499.70737360805117
fl16y_v41_incident_e2_response_v1,7.943282347242822e-08,1e+25,363.9461600949904,223.22071471262365,350.45160208440245,560.6808949389992
fl16y_v41_incident_e2_response_v1,8.912509381337459e-08,1e+25,408.3543079989159,250.4577612900374,393.21316487838783,629.094311096097
fl16y_v41_incident_e2_response_v1,1e-07,1e+25,458.1810694684912,281.0182301905778,441.1924274680316,705.8554265462011
fl16y_v41_incident_e2_response_v1,1.1220184543019653e-07,1e+25,514.087615355458,315.307640269106,495.02604551741274,791.9828146540231
fl16y_v41_incident_e2_response_v1,1.2589254117941662e-07,1e+25,576.8157915569118,353.78099116434095,555.4283584306594,888.6193335318231
fl16y_v41_incident_e2_response_v1,1.4125375446227555e-07,1e+25,647.1979628596508,396.948800867631,623.2008682018464,997.0472910722187
fl16y_v41_incident_e2_response_v1,1.5848931924611173e-07,1e+25,726.1680579151661,445.38387998651797,699.2428748594785,1118.7054603948125
fl16y_v41_incident_e2_response_v1,1.7782794100389227e-07,1e+25,814.7739619054313,499.7289325934829,784.5634096314914,1255.2081714913509
fl16y_v41_incident_e2_response_v1,1.995262314968883e-07,1e+25,914.1914213426204,560.7050845185107,880.2946241766057,1408.3667324039216
fl16y_v41_incident_e2_response_v1,2.2387211385683377e-07,1e+25,1025.7396455109595,629.1214522507096,987.7068135489604,1580.2134641821513
fl16y_v41_incident_e2_response_v1,2.5118864315095823e-07,1e+25,1150.8988115724526,705.8858794225489,1108.225272241724,1773.0286685488113
fl16y_v41_incident_e2_response_v1,2.818382931264461e-07,1e+25,1291.329705618492,792.0169833432717,1243.4492069790338,1989.3708861182085
fl16y_v41_incident_e2_response_v1,3.162277660168379e-07,1e+25,1448.8957602922662,888.6576714317193,1395.1729572176143,2232.110846675674
fl16y_v41_incident_e2_response_v1,3.5481338923357606e-07,1e+25,1625.6877814077993,997.0903069034015,1565.4098049412098,2504.469562017691
fl16y_v41_incident_e2_response_v1,3.981071705534969e-07,1e+25,1824.051691672763,1118.753724951222,1756.4186896892697,2810.061066821398
fl16y_v41_incident_e2_response_v1,4.466835921509635e-07,1e+25,2046.6196596575583,1255.2623252143362,1970.7341833122377,3152.9403746890766
fl16y_v41_incident_e2_response_v1,5.011872336272736e-07,1e+25,2296.345027072988,1408.4274938804806,2211.200122200043,3537.6572857148976
fl16y_v41_incident_e2_response_v1,5.62341325190349e-07,1e+25,2576.5414978204276,1580.2816396801609,2481.0073432631984,3969.3167595678983
fl16y_v41_incident_e2_response_v1,6.309573444801942e-07,1e+25,2890.9271088293467,1773.1051627157092,2783.736024399999,4453.646655205259
fl16y_v41_incident_e2_response_v1,7.079457843841374e-07,1e+25,3243.67356614834,1989.4567139851067,3123.403191281973,4997.073736080502
fl16y_v41_incident_e2_response_v1,7.943282347242822e-07,1e+25,3639.461600949904,2232.2071471262366,3504.5160208440248,5606.8089493899915
fl16y_v41_incident_e2_response_v1,8.912509381337477e-07,1e+25,4083.543079989167,2504.5776129003793,3932.1316487838862,6290.943110960985
fl16y_v41_incident_e2_response_v1,1e-06,1e+25,4581.810694684912,2810.182301905778,4411.924274680317,7058.554265462011
fl16y_v41_incident_e2_response_v1,1.1220184543019652e-06,1e+25,5140.876153554579,3153.0764026910592,4950.260455174127,7919.828146540229
fl16y_v41_incident_e2_response_v1,1.2589254117941661e-06,1e+25,5768.157915569118,3537.809911643409,5554.283584306594,8886.19333531823
fl16y_v41_incident_e2_response_v1,1.4125375446227554e-06,1e+25,6471.979628596508,3969.4880086763105,6232.008682018465,9970.472910722186
fl16y_v41_incident_e2_response_v1,1.5848931924611175e-06,1e+25,7261.680579151662,4453.838799865181,6992.428748594786,11187.054603948125
fl16y_v41_incident_e2_response_v1,1.778279410038923e-06,1e+25,8147.739619054314,4997.289325934829,7845.634096314915,12552.08171491351
fl16y_v41_incident_e2_response_v1,1.995262314968883e-06,1e+25,9141.914213426206,5607.0508451851065,8802.946241766056,14083.667324039216
fl16y_v41_incident_e2_response_v1,2.2387211385683376e-06,1e+25,10257.396455109594,6291.214522507094,9877.068135489604,15802.134641821509
fl16y_v41_incident_e2_response_v1,2.5118864315095823e-06,1e+25,11508.988115724525,7058.858794225489,11082.25272241724,17730.28668548811
fl16y_v41_incident_e2_response_v1,2.8183829312644606e-06,1e+25,12913.297056184918,7920.169833432716,12434.492069790338,19893.708861182087
fl16y_v41_incident_e2_response_v1,3.162277660168379e-06,1e+25,14488.957602922663,8886.576714317192,13951.729572176144,22321.108466756745
fl16y_v41_incident_e2_response_v1,3.5481338923357606e-06,1e+25,16256.877814077996,9970.903069034015,15654.098049412096,25044.69562017691
fl16y_v41_incident_e2_response_v1,3.981071705534985e-06,1e+25,18240.5169167277,11187.537249512266,17564.18689689277,28100.610668214096
fl16y_v41_incident_e2_response_v1,4.466835921509635e-06,1e+25,20466.19659657558,12552.623252143361,19707.341833122373,31529.403746890766
fl16y_v41_incident_e2_response_v1,5.011872336272735e-06,1e+25,22963.450270729878,14084.274938804805,22112.00122200043,35376.57285714897
fl16y_v41_incident_e2_response_v1,5.623413251903491e-06,1e+25,25765.41497820428,15802.81639680161,24810.073432631987,39693.16759567899
fl16y_v41_incident_e2_response_v1,6.309573444801943e-06,1e+25,28909.27108829347,17731.051627157096,27837.360243999996,44536.46655205259
fl16y_v41_incident_e2_response_v1,7.079457843841402e-06,1e+25,32436.73566148353,19894.567139851148,31234.03191281985,49970.73736080522
fl16y_v41_incident_e2_response_v1,7.943282347242822e-06,1e+25,36394.61600949904,22322.071471262363,35045.16020844025,56068.08949389992
fl16y_v41_incident_e2_response_v1,8.912509381337476e-06,1e+25,40835.43079989166,25045.776129003792,39321.316487838856,62909.43110960984
fl16y_v41_incident_e2_response_v1,1e-05,1e+25,45818.10694684913,28101.82301905778,44119.24274680316,70585.54265462012
fl16y_v41_incident_e2_response_v1,1.1220184543019652e-05,1e+25,51408.76153554579,31530.764026910594,49502.60455174127,79198.2814654023
fl16y_v41_incident_e2_response_v1,1.2589254117941714e-05,1e+25,57681.57915569142,35378.09911643424,55542.83584306618,88861.93335318267
fl16y_v41_incident_e2_response_v1,1.4125375446227555e-05,1e+25,64719.79628596508,39694.88008676311,62320.08682018465,99704.72910722186
fl16y_v41_incident_e2_response_v1,1.5848931924611175e-05,1e+25,72616.80579151663,44538.38799865181,69924.28748594786,111870.54603948125
fl16y_v41_incident_e2_response_v1,1.778279410038923e-05,1e+25,81477.39619054314,49972.89325934829,78456.34096314915,125520.81714913508
fl16y_v41_incident_e2_response_v1,1.995262314968883e-05,1e+25,91419.14213426206,56070.50845185107,88029.46241766057,140836.67324039218
fl16y_v41_incident_e2_response_v1,2.238721138568347e-05,1e+25,102573.96455109637,62912.145225071225,98770.68135489646,158021.34641821578
fl16y_v41_incident_e2_response_v1,2.5118864315095822e-05,1e+25,115089.88115724525,70588.58794225488,110822.52722417242,177302.8668548811
fl16y_v41_incident_e2_response_v1,2.8183829312644606e-05,1e+25,129132.97056184919,79201.69833432717,124344.92069790339,198937.08861182086
fl16y_v41_incident_e2_response_v1,3.1622776601683795e-05,1e+25,144889.57602922662,88865.76714317194,139517.29572176145,223211.08466756743
fl16y_v41_incident_e2_response_v1,3.54813389233576e-05,1e+25,162568.77814077993,99709.03069034014,156540.98049412094,250446.9562017691
fl16y_v41_incident_e2_response_v1,3.981071705534986e-05,1e+25,182405.16916727702,111875.37249512268,175641.8689689277,281006.10668214096
fl16y_v41_incident_e2_response_v1,4.466835921509635e-05,1e+25,204661.96596575584,125526.23252143363,197073.41833122374,315294.03746890766
fl16y_v41_incident_e2_response_v1,5.011872336272735e-05,1e+25,229634.50270729876,140842.74938804805,221120.0122200043,353765.72857148974
fl16y_v41_incident_e2_response_v1,5.623413251903491e-05,1e+25,257654.14978204275,158028.16396801607,248100.73432631986,396931.6759567898
fl16y_v41_incident_e2_response_v1,6.309573444801943e-05,1e+25,289092.7108829347,177310.51627157093,278373.60243999993,445364.66552052594
fl16y_v41_incident_e2_response_v1,7.079457843841403e-05,1e+25,324367.3566148353,198945.67139851148,312340.31912819855,499707.3736080523
fl16y_v41_incident_e2_response_v1,7.943282347242822e-05,1e+25,363946.1600949904,223220.71471262365,350451.60208440246,560680.8949389992
fl16y_v41_incident_e2_response_v1,8.912509381337478e-05,1e+25,408354.3079989167,250457.76129003795,393213.16487838863,629094.3110960985
fl16y_v41_incident_e2_response_v1,0.0001,1e+25,458181.06946849136,281018.2301905778,441192.4274680316,705855.4265462012
fl16y_v41_incident_e2_response_v1,0.00011220184543019653,1e+25,514087.615355458,315307.640269106,495026.0455174128,791982.814654023
fl16y_v41_incident_e2_response_v1,0.00012589254117941712,1e+25,576815.7915569141,353780.9911643423,555428.3584306616,888619.3335318267
fl16y_v41_incident_e2_response_v1,0.00014125375446227554,1e+25,647197.9628596508,396948.80086763104,623200.8682018465,997047.2910722187
fl16y_v41_incident_e2_response_v1,0.00015848931924611174,1e+25,726168.0579151661,445383.87998651806,699242.8748594786,1118705.4603948125
fl16y_v41_incident_e2_response_v1,0.00017782794100389227,1e+25,814773.9619054312,499728.93259348284,784563.4096314914,1255208.1714913507
fl16y_v41_incident_e2_response_v1,0.00019952623149688828,1e+25,914191.4213426204,560705.0845185106,880294.6241766057,1408366.7324039214
fl16y_v41_incident_e2_response_v1,0.0002238721138568347,1e+25,1025739.6455109636,629121.4522507122,987706.8135489646,1580213.4641821578
fl16y_v41_incident_e2_response_v1,0.0002511886431509582,1e+25,1150898.8115724525,705885.8794225488,1108225.2722417242,1773028.6685488115
fl16y_v41_incident_e2_response_v1,0.0002818382931264461,1e+25,1291329.705618492,792016.9833432718,1243449.206979034,1989370.8861182088
fl16y_v41_incident_e2_response_v1,0.00031622776601683794,1e+25,1448895.7602922663,888657.6714317193,1395172.9572176144,2232110.8466756744
fl16y_v41_incident_e2_response_v1,0.000354813389233576,1e+25,1625687.7814077993,997090.3069034015,1565409.8049412095,2504469.562017691
fl16y_v41_incident_e2_response_v1,0.00039810717055349854,1e+25,1824051.69167277,1118753.7249512267,1756418.6896892767,2810061.0668214094
fl16y_v41_incident_e2_response_v1,0.0004466835921509635,1e+25,2046619.6596575582,1255262.3252143362,1970734.1833122377,3152940.3746890766
fl16y_v41_incident_e2_response_v1,0.0005011872336272735,1e+25,2296345.027072988,1408427.4938804803,2211200.1222000425,3537657.285714897
fl16y_v41_incident_e2_response_v1,0.0005623413251903491,1e+25,2576541.4978204276,1580281.639680161,2481007.3432631986,3969316.7595678987
fl16y_v41_incident_e2_response_v1,0.0006309573444801943,1e+25,2890927.108829347,1773105.1627157093,2783736.0243999995,4453646.655205259
fl16y_v41_incident_e2_response_v1,0.0007079457843841402,1e+25,3243673.566148353,1989456.7139851146,3123403.191281985,4997073.736080523
fl16y_v41_incident_e2_response_v1,0.0007943282347242822,1e+25,3639461.6009499035,2232207.1471262365,3504516.0208440246,5606808.949389991
fl16y_v41_incident_e2_response_v1,0.0008912509381337477,1e+25,4083543.0799891665,2504577.6129003796,3932131.648783886,6290943.110960984
fl16y_v41_incident_e2_response_v1,0.001,1e+25,4581810.694684913,2810182.3019057782,4411924.274680316,7058554.265462012
fl16y_v41_incident_e2_response_v1,1e-15,1e+26,4.616756688392129e-08,3.1010571176778196e-08,4.543831420367755e-08,6.90864205687413e-08
fl16y_v41_incident_e2_response_v1,1.1220184543019653e-15,1e+26,5.180086203397997e-08,3.479443313878974e-08,5.0982627068897327e-08,7.751623881979461e-08
fl16y_v41_incident_e2_response_v1,1.2589254117941663e-15,1e+26,5.812152315087533e-08,3.9039996088697786e-08,5.720344842009748e-08,8.69746504638876e-08
fl16y_v41_incident_e2_response_v1,1.4125375446227554e-15,1e+26,6.521342156742101e-08,4.380359606739545e-08,6.418332477705996e-08,9.758716287694486e-08
fl16y_v41_incident_e2_response_v1,1.584893192461111e-15,1e+26,7.317066246681987e-08,4.91484431524065e-08,7.201487485831756e-08,1.0949459765090335e-07
fl16y_v41_incident_e2_response_v1,1.7782794100389227e-15,1e+26,8.209883360127206e-08,5.5145460217211147e-08,8.080201857527891e-08,1.2285495921068217e-07
fl16y_v41_incident_e2_response_v1,1.995262314968883e-15,1e+26,9.211640637729353e-08,6.187422403468577e-08,9.066135598631315e-08,1.378455314369006e-07
fl16y_v41_incident_e2_response_v1,2.2387211385683378e-15,1e+26,1.0335630789930216e-07,6.942402121253135e-08,1.0172371450868288e-07,1.5466523011526356e-07
fl16y_v41_incident_e2_response_v1,2.511886431509582e-15,1e+26,1.1596768483153301e-07,7.789503297231127e-08,1.1413588491888677e-07,1.7353724242818577e-07
fl16y_v41_incident_e2_response_v1,2.818382931264449e-15,1e+26,1.3011788248365359e-07,8.739966449339295e-08,1.2806256917707578e-07,1.9471198851309763e-07
fl16y_v41_incident_e2_response_v1,3.1622776601683794e-15,1e+26,1.4599466538135377e-07,9.806403646138713e-08,1.436885659220011e-07,2.184704443855278e-07
fl16y_v41_incident_e2_response_v1,3.5481338923357604e-15,1e+26,1.638087087875192e-07,1.1002965861301715e-07,1.612212226366697e-07,2.451278703201134e-07
fl16y_v41_incident_e2_response_v1,3.9810717055349695e-15,1e+26,1.837963942349723e-07,1.2345530748434992e-07,1.8089318702346842e-07,2.750379941629051e-07
fl16y_v41_incident_e2_response_v1,4.466835921509635e-15,1e+26,2.0622294616579828e-07,1.3851913327896414e-07,2.0296549409782834e-07,3.0859770508497576e-07
fl16y_v41_incident_e2_response_v1,5.0118723362727146e-15,1e+26,2.313859512985454e-07,1.554210238129106e-07,2.277310299642791e-07,3.462523200605768e-07
fl16y_v41_incident_e2_response_v1,5.6234132519034904e-15,1e+26,2.596193074231837e-07,1.7438525690459089e-07,2.5551841823711494e-07,3.885014929528377e-07
fl16y_v41_incident_e2_response_v1,6.309573444801943e-15,1e+26,2.912976540219073e-07,1.956634764051402e-07,2.8669638067609084e-07,4.359058446169488e-07
fl16y_v41_incident_e2_response_v1,7.079457843841374e-15,1e+26,3.2684134350744784e-07,2.1953803135944356e-07,3.21678629900154e-07,4.890944019982996e-07
fl16y_v41_incident_e2_response_v1,7.943282347242822e-15,1e+26,3.667220190442043e-07,2.4632572260641926e-07,3.6092935910254466e-07,5.487729449378761e-07
fl16y_v41_incident_e2_response_v1,8.91250938133744e-15,1e+26,4.114688729664722e-07,2.7638200653366804e-07,4.0496940161243447e-07,6.157333714419308e-07
fl16y_v41_incident_e2_response_v1,1e-14,1e+26,4.616756688392129e-07,3.101057117677819e-07,4.5438314203677556e-07,6.90864205687413e-07
fl16y_v41_incident_e2_response_v1,1.1220184543019652e-14,1e+26,5.180086203397996e-07,3.479443313878974e-07,5.098262706889732e-07,7.751623881979461e-07
fl16y_v41_incident_e2_response_v1,1.2589254117941662e-14,1e+26,5.812152315087532e-07,3.903999608869778e-07,5.720344842009747e-07,8.697465046388759e-07
fl16y_v41_incident_e2_response_v1,1.4125375446227555e-14,1e+26,6.521342156742102e-07,4.3803596067395456e-07,6.418332477705996e-07,9.758716287694488e-07
fl16y_v41_incident_e2_response_v1,1.584893192461111e-14,1e+26,7.317066246681988e-07,4.914844315240649e-07,7.201487485831756e-07,1.0949459765090336e-06
fl16y_v41_incident_e2_response_v1,1.7782794100389227e-14,1e+26,8.209883360127205e-07,5.514546021721114e-07,8.080201857527892e-07,1.2285495921068215e-06
fl16y_v41_incident_e2_response_v1,1.9952623149688828e-14,1e+26,9.211640637729353e-07,6.187422403468576e-07,9.066135598631314e-07,1.378455314369006e-06
fl16y_v41_incident_e2_response_v1,2.2387211385683377e-14,1e+26,1.0335630789930217e-06,6.942402121253135e-07,1.0172371450868289e-06,1.5466523011526356e-06
fl16y_v41_incident_e2_response_v1,2.5118864315095823e-14,1e+26,1.1596768483153302e-06,7.789503297231127e-07,1.141358849188868e-06,1.7353724242818577e-06
fl16y_v41_incident_e2_response_v1,2.8183829312644492e-14,1e+26,1.301178824836536e-06,8.739966449339297e-07,1.2806256917707578e-06,1.9471198851309763e-06
fl16y_v41_incident_e2_response_v1,3.1622776601683796e-14,1e+26,1.4599466538135378e-06,9.806403646138713e-07,1.4368856592200108e-06,2.1847044438552785e-06
fl16y_v41_incident_e2_response_v1,3.54813389233576e-14,1e+26,1.6380870878751918e-06,1.1002965861301714e-06,1.612212226366697e-06,2.451278703201134e-06
fl16y_v41_incident_e2_response_v1,3.9810717055349693e-14,1e+26,1.837963942349723e-06,1.2345530748434992e-06,1.8089318702346842e-06,2.750379941629051e-06
fl16y_v41_incident_e2_response_v1,4.466835921509635e-14,1e+26,2.0622294616579824e-06,1.3851913327896414e-06,2.0296549409782835e-06,3.0859770508497576e-06
fl16y_v41_incident_e2_response_v1,5.0118723362727144e-14,1e+26,2.3138595129854543e-06,1.5542102381291062e-06,2.277310299642791e-06,3.462523200605768e-06
fl16y_v41_incident_e2_response_v1,5.6234132519034906e-14,1e+26,2.5961930742318375e-06,1.7438525690459091e-06,2.555184182371149e-06,3.885014929528377e-06
fl16y_v41_incident_e2_response_v1,6.309573444801943e-14,1e+26,2.9129765402190736e-06,1.956634764051402e-06,2.866963806760908e-06,4.3590584461694885e-06
fl16y_v41_incident_e2_response_v1,7.079457843841373e-14,1e+26,3.268413435074478e-06,2.1953803135944357e-06,3.216786299001539e-06,4.890944019982995e-06
fl16y_v41_incident_e2_response_v1,7.943282347242822e-14,1e+26,3.6672201904420428e-06,2.4632572260641926e-06,3.609293591025447e-06,5.487729449378761e-06
fl16y_v41_incident_e2_response_v1,8.912509381337441e-14,1e+26,4.1146887296647225e-06,2.7638200653366807e-06,4.049694016124345e-06,6.157333714419307e-06
fl16y_v41_incident_e2_response_v1,1e-13,1e+26,4.616756688392129e-06,3.101057117677819e-06,4.543831420367755e-06,6.90864205687413e-06
fl16y_v41_incident_e2_response_v1,1.1220184543019653e-13,1e+26,5.180086203397997e-06,3.4794433138789745e-06,5.098262706889733e-06,7.751623881979462e-06
fl16y_v41_incident_e2_response_v1,1.2589254117941663e-13,1e+26,5.812152315087532e-06,3.903999608869779e-06,5.720344842009748e-06,8.697465046388759e-06
fl16y_v41_incident_e2_response_v1,1.4125375446227554e-13,1e+26,6.521342156742102e-06,4.380359606739546e-06,6.418332477705996e-06,9.758716287694485e-06
fl16y_v41_incident_e2_response_v1,1.584893192461111e-13,1e+26,7.317066246681988e-06,4.9148443152406495e-06,7.201487485831756e-06,1.0949459765090335e-05
fl16y_v41_incident_e2_response_v1,1.7782794100389227e-13,1e+26,8.209883360127205e-06,5.514546021721114e-06,8.080201857527893e-06,1.2285495921068217e-05
fl16y_v41_incident_e2_response_v1,1.9952623149688827e-13,1e+26,9.211640637729352e-06,6.187422403468576e-06,9.066135598631313e-06,1.378455314369006e-05
fl16y_v41_incident_e2_response_v1,2.2387211385683378e-13,1e+26,1.0335630789930216e-05,6.942402121253135e-06,1.0172371450868289e-05,1.5466523011526355e-05
fl16y_v41_incident_e2_response_v1,2.511886431509582e-13,1e+26,1.15967684831533e-05,7.789503297231127e-06,1.1413588491888676e-05,1.7353724242818578e-05
fl16y_v41_incident_e2_response_v1,2.818382931264449e-13,1e+26,1.301178824836536e-05,8.739966449339296e-06,1.280625691770758e-05,1.9471198851309764e-05
fl16y_v41_incident_e2_response_v1,3.162277660168379e-13,1e+26,1.4599466538135376e-05,9.806403646138712e-06,1.4368856592200107e-05,2.1847044438552782e-05
fl16y_v41_incident_e2_response_v1,3.5481338923357605e-13,1e+26,1.638087087875192e-05,1.1002965861301714e-05,1.612212226366697e-05,2.451278703201134e-05
fl16y_v41_incident_e2_response_v1,3.981071705534969e-13,1e+26,1.8379639423497232e-05,1.2345530748434991e-05,1.8089318702346844e-05,2.750379941629051e-05
fl16y_v41_incident_e2_response_v1,4.4668359215096347e-13,1e+26,2.0622294616579824e-05,1.3851913327896414e-05,2.0296549409782836e-05,3.085977050849757e-05
fl16y_v41_incident_e2_response_v1,5.011872336272715e-13,1e+26,2.313859512985454e-05,1.554210238129106e-05,2.277310299642791e-05,3.462523200605768e-05
fl16y_v41_incident_e2_response_v1,5.62341325190349e-13,1e+26,2.5961930742318372e-05,1.7438525690459087e-05,2.5551841823711495e-05,3.8850149295283766e-05
fl16y_v41_incident_e2_response_v1,6.309573444801942e-13,1e+26,2.9129765402190736e-05,1.956634764051402e-05,2.8669638067609084e-05,4.359058446169488e-05
fl16y_v41_incident_e2_response_v1,7.079457843841374e-13,1e+26,3.2684134350744784e-05,2.1953803135944358e-05,3.21678629900154e-05,4.8909440199829966e-05
fl16y_v41_incident_e2_response_v1,7.943282347242822e-13,1e+26,3.667220190442043e-05,2.4632572260641923e-05,3.609293591025447e-05,5.4877294493787615e-05
fl16y_v41_incident_e2_response_v1,8.91250938133744e-13,1e+26,4.114688729664722e-05,2.7638200653366805e-05,4.0496940161243446e-05,6.157333714419307e-05
fl16y_v41_incident_e2_response_v1,1e-12,1e+26,4.616756688392129e-05,3.101057117677819e-05,4.5438314203677556e-05,6.90864205687413e-05
fl16y_v41_incident_e2_response_v1,1.1220184543019652e-12,1e+26,5.1800862033979963e-05,3.479443313878974e-05,5.0982627068897324e-05,7.751623881979461e-05
fl16y_v41_incident_e2_response_v1,1.258925411794166e-12,1e+26,5.812152315087531e-05,3.903999608869778e-05,5.720344842009747e-05,8.697465046388758e-05
fl16y_v41_incident_e2_response_v1,1.4125375446227555e-12,1e+26,6.521342156742101e-05,4.380359606739546e-05,6.418332477705996e-05,9.758716287694487e-05
fl16y_v41_incident_e2_response_v1,1.584893192461111e-12,1e+26,7.317066246681988e-05,4.91484431524065e-05,7.201487485831756e-05,0.00010949459765090337
fl16y_v41_incident_e2_response_v1,1.7782794100389228e-12,1e+26,8.209883360127207e-05,5.514546021721114e-05,8.080201857527893e-05,0.00012285495921068217
fl16y_v41_incident_e2_response_v1,1.9952623149688827e-12,1e+26,9.211640637729353e-05,6.187422403468577e-05,9.066135598631315e-05,0.0001378455314369006
fl16y_v41_incident_e2_response_v1,2.238721138568338e-12,1e+26,0.00010335630789930217,6.942402121253134e-05,0.0001017237145086829,0.00015466523011526355
fl16y_v41_incident_e2_response_v1,2.5118864315095823e-12,1e+26,0.00011596768483153302,7.789503297231127e-05,0.00011413588491888677,0.0001735372424281858
fl16y_v41_incident_e2_response_v1,2.8183829312644492e-12,1e+26,0.0001301178824836536,8.739966449339296e-05,0.0001280625691770758,0.00019471198851309763
fl16y_v41_incident_e2_response_v1,3.1622776601683794e-12,1e+26,0.0001459946653813538,9.806403646138712e-05,0.0001436885659220011,0.00021847044438552782
fl16y_v41_incident_e2_response_v1,3.5481338923357604e-12,1e+26,0.0001638087087875192,0.00011002965861301714,0.0001612212226366697,0.0002451278703201134
fl16y_v41_incident_e2_response_v1,3.9810717055349695e-12,1e+26,0.0001837963942349723,0.00012345530748434993,0.0001808931870234684,0.0002750379941629051
fl16y_v41_incident_e2_response_v1,4.466835921509635e-12,1e+26,0.00020622294616579826,0.00013851913327896412,0.00020296549409782835,0.00030859770508497573
fl16y_v41_incident_e2_response_v1,5.011872336272715e-12,1e+26,0.0002313859512985454,0.00015542102381291062,0.00022773102996427908,0.0003462523200605768
fl16y_v41_incident_e2_response_v1,5.6234132519034904e-12,1e+26,0.00025961930742318375,0.0001743852569045909,0.00025551841823711496,0.0003885014929528377
fl16y_v41_incident_e2_response_v1,6.309573444801943e-12,1e+26,0.0002912976540219073,0.00019566347640514022,0.0002866963806760908,0.00043590584461694886
fl16y_v41_incident_e2_response_v1,7.079457843841373e-12,1e+26,0.0003268413435074478,0.00021953803135944358,0.00032167862990015395,0.0004890944019982995
fl16y_v41_incident_e2_response_v1,7.943282347242821e-12,1e+26,0.00036672201904420425,0.00024632572260641924,0.00036092935910254464,0.0005487729449378761
fl16y_v41_incident_e2_response_v1,8.912509381337441e-12,1e+26,0.0004114688729664723,0.00027638200653366807,0.0004049694016124345,0.0006157333714419307
fl16y_v41_incident_e2_response_v1,1e-11,1e+26,0.0004616756688392129,0.0003101057117677819,0.0004543831420367755,0.0006908642056874129
fl16y_v41_incident_e2_response_v1,1.1220184543019653e-11,1e+26,0.0005180086203397996,0.0003479443313878974,0.0005098262706889732,0.0007751623881979463
fl16y_v41_incident_e2_response_v1,1.2589254117941713e-11,1e+26,0.0005812152315087556,0.0003903999608869794,0.0005720344842009771,0.0008697465046388794
fl16y_v41_incident_e2_response_v1,1.4125375446227554e-11,1e+26,0.0006521342156742101,0.00043803596067395453,0.0006418332477705997,0.0009758716287694486
fl16y_v41_incident_e2_response_v1,1.5848931924611107e-11,1e+26,0.0007317066246681987,0.0004914844315240649,0.0007201487485831756,0.0010949459765090333
fl16y_v41_incident_e2_response_v1,1.7782794100389227e-11,1e+26,0.0008209883360127205,0.0005514546021721114,0.0008080201857527891,0.0012285495921068217
fl16y_v41_incident_e2_response_v1,1.9952623149688828e-11,1e+26,0.0009211640637729353,0.0006187422403468577,0.0009066135598631315,0.001378455314369006
fl16y_v41_incident_e2_response_v1,2.238721138568347e-11,1e+26,0.0010335630789930258,0.0006942402121253164,0.001017237145086833,0.0015466523011526418
fl16y_v41_incident_e2_response_v1,2.5118864315095823e-11,1e+26,0.0011596768483153302,0.0007789503297231128,0.0011413588491888677,0.001735372424281858
fl16y_v41_incident_e2_response_v1,2.8183829312644493e-11,1e+26,0.001301178824836536,0.0008739966449339297,0.0012806256917707582,0.0019471198851309765
fl16y_v41_incident_e2_response_v1,3.1622776601683794e-11,1e+26,0.0014599466538135378,0.0009806403646138713,0.001436885659220011,0.0021847044438552785
fl16y_v41_incident_e2_response_v1,3.548133892335761e-11,1e+26,0.001638087087875192,0.0011002965861301715,0.0016122122263666971,0.002451278703201134
fl16y_v41_incident_e2_response_v1,3.9810717055349857e-11,1e+26,0.0018379639423497305,0.0012345530748435042,0.0018089318702346918,0.0027503799416290623
fl16y_v41_incident_e2_response_v1,4.4668359215096346e-11,1e+26,0.0020622294616579823,0.0013851913327896414,0.0020296549409782832,0.0030859770508497573
fl16y_v41_incident_e2_response_v1,5.011872336272715e-11,1e+26,0.002313859512985454,0.0015542102381291062,0.0022773102996427913,0.003462523200605768
fl16y_v41_incident_e2_response_v1,5.6234132519034906e-11,1e+26,0.002596193074231837,0.001743852569045909,0.0025551841823711493,0.003885014929528377
fl16y_v41_incident_e2_response_v1,6.309573444801942e-11,1e+26,0.0029129765402190733,0.001956634764051402,0.0028669638067609082,0.0043590584461694875
fl16y_v41_incident_e2_response_v1,7.079457843841402e-11,1e+26,0.0032684134350744916,0.0021953803135944445,0.0032167862990015524,0.0048909440199830165
fl16y_v41_incident_e2_response_v1,7.943282347242822e-11,1e+26,0.003667220190442043,0.0024632572260641925,0.003609293591025447,0.005487729449378762
fl16y_v41_incident_e2_response_v1,8.912509381337441e-11,1e+26,0.004114688729664723,0.0027638200653366807,0.004049694016124344,0.006157333714419308
fl16y_v41_incident_e2_response_v1,1e-10,1e+26,0.0046167566883921285,0.0031010571176778193,0.004543831420367755,0.006908642056874129
fl16y_v41_incident_e2_response_v1,1.1220184543019652e-10,1e+26,0.005180086203397996,0.0034794433138789736,0.005098262706889732,0.007751623881979461
fl16y_v41_incident_e2_response_v1,1.2589254117941713e-10,1e+26,0.005812152315087556,0.0039039996088697944,0.0057203448420097705,0.008697465046388794
fl16y_v41_incident_e2_response_v1,1.4125375446227556e-10,1e+26,0.006521342156742103,0.004380359606739546,0.006418332477705997,0.009758716287694487
fl16y_v41_incident_e2_response_v1,1.584893192461111e-10,1e+26,0.007317066246681987,0.004914844315240649,0.007201487485831755,0.010949459765090335
fl16y_v41_incident_e2_response_v1,1.778279410038923e-10,1e+26,0.008209883360127207,0.005514546021721115,0.008080201857527893,0.012285495921068219
fl16y_v41_incident_e2_response_v1,1.9952623149688828e-10,1e+26,0.009211640637729352,0.006187422403468577,0.009066135598631314,0.013784553143690061
fl16y_v41_incident_e2_response_v1,2.238721138568347e-10,1e+26,0.010335630789930257,0.006942402121253164,0.01017237145086833,0.015466523011526418
fl16y_v41_incident_e2_response_v1,2.511886431509582e-10,1e+26,0.0115967684831533,0.007789503297231127,0.011413588491888676,0.017353724242818575
fl16y_v41_incident_e2_response_v1,2.8183829312644494e-10,1e+26,0.013011788248365361,0.008739966449339297,0.01280625691770758,0.019471198851309764
fl16y_v41_incident_e2_response_v1,3.1622776601683795e-10,1e+26,0.014599466538135378,0.009806403646138712,0.01436885659220011,0.021847044438552784
fl16y_v41_incident_e2_response_v1,3.5481338923357605e-10,1e+26,0.01638087087875192,0.011002965861301716,0.01612212226366697,0.02451278703201134
fl16y_v41_incident_e2_response_v1,3.9810717055349854e-10,1e+26,0.018379639423497303,0.01234553074843504,0.018089318702346917,0.027503799416290622
fl16y_v41_incident_e2_response_v1,4.4668359215096347e-10,1e+26,0.020622294616579825,0.013851913327896412,0.020296549409782833,0.030859770508497572
fl16y_v41_incident_e2_response_v1,5.011872336272714e-10,1e+26,0.023138595129854538,0.015542102381291062,0.02277310299642791,0.034625232006057674
fl16y_v41_incident_e2_response_v1,5.623413251903491e-10,1e+26,0.025961930742318375,0.017438525690459093,0.025551841823711497,0.03885014929528378
fl16y_v41_incident_e2_response_v1,6.309573444801942e-10,1e+26,0.02912976540219073,0.019566347640514018,0.028669638067609082,0.04359058446169488
fl16y_v41_incident_e2_response_v1,7.079457843841402e-10,1e+26,0.032684134350744916,0.021953803135944448,0.032167862990015526,0.04890944019983016
fl16y_v41_incident_e2_response_v1,7.943282347242822e-10,1e+26,0.03667220190442043,0.024632572260641927,0.03609293591025447,0.054877294493787615
fl16y_v41_incident_e2_response_v1,8.912509381337441e-10,1e+26,0.04114688729664723,0.027638200653366807,0.04049694016124345,0.06157333714419307
fl16y_v41_incident_e2_response_v1,1e-09,1e+26,0.0461675668839213,0.031010571176778193,0.045438314203677554,0.06908642056874131
fl16y_v41_incident_e2_response_v1,1.1220184543019653e-09,1e+26,0.05180086203397997,0.03479443313878974,0.05098262706889733,0.07751623881979461
fl16y_v41_incident_e2_response_v1,1.2589254117941712e-09,1e+26,0.05812152315087555,0.039039996088697945,0.0572034484200977,0.08697465046388794
fl16y_v41_incident_e2_response_v1,1.4125375446227555e-09,1e+26,0.06521342156742102,0.04380359606739546,0.06418332477705997,0.09758716287694486
fl16y_v41_incident_e2_response_v1,1.584893192461111e-09,1e+26,0.07317066246681987,0.0491484431524065,0.07201487485831756,0.10949459765090336
fl16y_v41_incident_e2_response_v1,1.7782794100389228e-09,1e+26,0.08209883360127206,0.055145460217211145,0.08080201857527892,0.12285495921068218
fl16y_v41_incident_e2_response_v1,1.9952623149688828e-09,1e+26,0.09211640637729351,0.06187422403468576,0.09066135598631314,0.1378455314369006
fl16y_v41_incident_e2_response_v1,2.238721138568347e-09,1e+26,0.10335630789930257,0.06942402121253162,0.10172371450868328,0.15466523011526417
fl16y_v41_incident_e2_response_v1,2.511886431509582e-09,1e+26,0.115967684831533,0.07789503297231126,0.11413588491888677,0.17353724242818575
fl16y_v41_incident_e2_response_v1,2.8183829312644493e-09,1e+26,0.1301178824836536,0.08739966449339297,0.1280625691770758,0.19471198851309765
fl16y_v41_incident_e2_response_v1,3.1622776601683795e-09,1e+26,0.14599466538135378,0.09806403646138713,0.14368856592200108,0.21847044438552785
fl16y_v41_incident_e2_response_v1,3.5481338923357603e-09,1e+26,0.1638087087875192,0.11002965861301714,0.1612212226366697,0.24512787032011338
fl16y_v41_incident_e2_response_v1,3.9810717055349855e-09,1e+26,0.18379639423497304,0.12345530748435042,0.18089318702346913,0.2750379941629062
fl16y_v41_incident_e2_response_v1,4.466835921509635e-09,1e+26,0.20622294616579828,0.13851913327896415,0.20296549409782835,0.30859770508497575
fl16y_v41_incident_e2_response_v1,5.011872336272715e-09,1e+26,0.23138595129854542,0.15542102381291062,0.22773102996427907,0.34625232006057677
fl16y_v41_incident_e2_response_v1,5.623413251903491e-09,1e+26,0.25961930742318373,0.17438525690459092,0.25551841823711496,0.38850149295283776
fl16y_v41_incident_e2_response_v1,6.309573444801943e-09,1e+26,0.2912976540219074,0.1956634764051402,0.2866963806760908,0.4359058446169488
fl16y_v41_incident_e2_response_v1,7.0794578438414025e-09,1e+26,0.32684134350744914,0.21953803135944447,0.3216786299001552,0.4890944019983016
fl16y_v41_incident_e2_response_v1,7.943282347242822e-09,1e+26,0.36672201904420426,0.24632572260641927,0.3609293591025447,0.5487729449378762
fl16y_v41_incident_e2_response_v1,8.912509381337441e-09,1e+26,0.4114688729664723,0.27638200653366807,0.4049694016124345,0.6157333714419307
fl16y_v41_incident_e2_response_v1,1e-08,1e+26,0.46167566883921296,0.3101057117677819,0.45438314203677554,0.690864205687413
fl16y_v41_incident_e2_response_v1,1.1220184543019653e-08,1e+26,0.5180086203397997,0.34794433138789743,0.5098262706889732,0.7751623881979463
fl16y_v41_incident_e2_response_v1,1.2589254117941687e-08,1e+26,0.5812152315087543,0.39039996088697865,0.5720344842009759,0.8697465046388777
fl16y_v41_incident_e2_response_v1,1.4125375446227554e-08,1e+26,0.6521342156742101,0.43803596067395456,0.6418332477705996,0.9758716287694486
fl16y_v41_incident_e2_response_v1,1.5848931924611143e-08,1e+26,0.7317066246682004,0.49148443152406596,0.7201487485831771,1.094945976509036
fl16y_v41_incident_e2_response_v1,1.7782794100389228e-08,1e+26,0.8209883360127206,0.5514546021721115,0.8080201857527892,1.228549592106822
fl16y_v41_incident_e2_response_v1,1.995262314968883e-08,1e+26,0.9211640637729352,0.6187422403468577,0.9066135598631315,1.3784553143690061
fl16y_v41_incident_e2_response_v1,2.2387211385683424e-08,1e+26,1.0335630789930237,0.694240212125315,1.017237145086831,1.5466523011526387
fl16y_v41_incident_e2_response_v1,2.511886431509582e-08,1e+26,1.1596768483153301,0.7789503297231126,1.1413588491888675,1.7353724242818578
fl16y_v41_incident_e2_response_v1,2.818382931264455e-08,1e+26,1.3011788248365388,0.8739966449339315,1.2806256917707606,1.9471198851309803
fl16y_v41_incident_e2_response_v1,3.162277660168379e-08,1e+26,1.4599466538135377,0.9806403646138712,1.4368856592200108,2.1847044438552783
fl16y_v41_incident_e2_response_v1,3.5481338923357604e-08,1e+26,1.638087087875192,1.1002965861301715,1.6122122263666971,2.451278703201134
fl16y_v41_incident_e2_response_v1,3.9810717055349776e-08,1e+26,1.8379639423497267,1.2345530748435019,1.8089318702346877,2.750379941629057
fl16y_v41_incident_e2_response_v1,4.4668359215096346e-08,1e+26,2.0622294616579824,1.3851913327896412,2.029654940978283,3.0859770508497575
fl16y_v41_incident_e2_response_v1,5.011872336272725e-08,1e+26,2.313859512985459,1.5542102381291092,2.2773102996427954,3.462523200605775
fl16y_v41_incident_e2_response_v1,5.6234132519034905e-08,1e+26,2.596193074231837,1.7438525690459088,2.5551841823711494,3.885014929528377
fl16y_v41_incident_e2_response_v1,6.309573444801943e-08,1e+26,2.9129765402190735,1.9566347640514021,2.866963806760908,4.359058446169488
fl16y_v41_incident_e2_response_v1,7.079457843841387e-08,1e+26,3.2684134350744847,2.19538031359444,3.216786299001546,4.890944019983006
fl16y_v41_incident_e2_response_v1,7.943282347242822e-08,1e+26,3.667220190442043,2.4632572260641927,3.609293591025447,5.487729449378762
fl16y_v41_incident_e2_response_v1,8.912509381337459e-08,1e+26,4.114688729664731,2.7638200653366862,4.049694016124353,6.15733371441932
fl16y_v41_incident_e2_response_v1,1e-07,1e+26,4.616756688392129,3.101057117677819,4.543831420367756,6.90864205687413
fl16y_v41_incident_e2_response_v1,1.1220184543019653e-07,1e+26,5.180086203397996,3.4794433138789747,5.098262706889733,7.751623881979461
fl16y_v41_incident_e2_response_v1,1.2589254117941662e-07,1e+26,5.812152315087531,3.9039996088697784,5.720344842009747,8.697465046388759
fl16y_v41_incident_e2_response_v1,1.4125375446227555e-07,1e+26,6.521342156742102,4.380359606739545,6.418332477705997,9.758716287694487
fl16y_v41_incident_e2_response_v1,1.5848931924611173e-07,1e+26,7.3170662466820175,4.914844315240669,7.201487485831785,10.94945976509038
fl16y_v41_incident_e2_response_v1,1.7782794100389227e-07,1e+26,8.209883360127206,5.514546021721115,8.080201857527891,12.285495921068218
fl16y_v41_incident_e2_response_v1,1.995262314968883e-07,1e+26,9.211640637729353,6.1874224034685765,9.066135598631314,13.78455314369006
fl16y_v41_incident_e2_response_v1,2.2387211385683377e-07,1e+26,10.335630789930216,6.942402121253135,10.172371450868287,15.466523011526355
fl16y_v41_incident_e2_response_v1,2.5118864315095823e-07,1e+26,11.596768483153301,7.789503297231128,11.413588491888676,17.35372424281858
fl16y_v41_incident_e2_response_v1,2.818382931264461e-07,1e+26,13.011788248365415,8.739966449339333,12.806256917707632,19.471198851309843
fl16y_v41_incident_e2_response_v1,3.162277660168379e-07,1e+26,14.599466538135378,9.806403646138712,14.368856592200109,21.847044438552782
fl16y_v41_incident_e2_response_v1,3.5481338923357606e-07,1e+26,16.38087087875192,11.002965861301714,16.12212226366697,24.51278703201134
fl16y_v41_incident_e2_response_v1,3.981071705534969e-07,1e+26,18.37963942349723,12.34553074843499,18.08931870234684,27.50379941629051
fl16y_v41_incident_e2_response_v1,4.466835921509635e-07,1e+26,20.62229461657983,13.851913327896412,20.296549409782834,30.859770508497572
fl16y_v41_incident_e2_response_v1,5.011872336272736e-07,1e+26,23.13859512985464,15.542102381291128,22.773102996428005,34.62523200605783
fl16y_v41_incident_e2_response_v1,5.62341325190349e-07,1e+26,25.961930742318373,17.43852569045909,25.551841823711495,38.85014929528377
fl16y_v41_incident_e2_response_v1,6.309573444801942e-07,1e+26,29.129765402190735,19.566347640514017,28.66963806760908,43.59058446169488
fl16y_v41_incident_e2_response_v1,7.079457843841374e-07,1e+26,32.684134350744785,21.95380313594436,32.167862990015394,48.90944019982996
fl16y_v41_incident_e2_response_v1,7.943282347242822e-07,1e+26,36.67220190442043,24.63257226064193,36.092935910254475,54.877294493787616
fl16y_v41_incident_e2_response_v1,8.912509381337477e-07,1e+26,41.1468872966474,27.63820065336692,40.496940161243614,61.57333714419333
fl16y_v41_incident_e2_response_v1,1e-06,1e+26,46.16756688392129,31.01057117677819,45.43831420367756,69.08642056874129
fl16y_v41_incident_e2_response_v1,1.1220184543019652e-06,1e+26,51.80086203397996,34.794433138789735,50.982627068897315,77.51623881979461
fl16y_v41_incident_e2_response_v1,1.2589254117941661e-06,1e+26,58.12152315087532,39.039996088697784,57.203448420097466,86.97465046388758
fl16y_v41_incident_e2_response_v1,1.4125375446227554e-06,1e+26,65.21342156742102,43.80359606739545,64.18332477705997,97.58716287694486
fl16y_v41_incident_e2_response_v1,1.5848931924611175e-06,1e+26,73.17066246682018,49.1484431524067,72.01487485831785,109.4945976509038
fl16y_v41_incident_e2_response_v1,1.778279410038923e-06,1e+26,82.09883360127206,55.14546021721115,80.80201857527892,122.8549592106822
fl16y_v41_incident_e2_response_v1,1.995262314968883e-06,1e+26,92.11640637729353,61.87422403468577,90.66135598631314,137.84553143690061
fl16y_v41_incident_e2_response_v1,2.2387211385683376e-06,1e+26,103.35630789930215,69.42402121253134,101.72371450868289,154.66523011526354
fl16y_v41_incident_e2_response_v1,2.5118864315095823e-06,1e+26,115.96768483153302,77.89503297231128,114.13588491888677,173.53724242818578
fl16y_v41_incident_e2_response_v1,2.8183829312644606e-06,1e+26,130.1178824836541,87.3996644933933,128.0625691770763,194.71198851309842
fl16y_v41_incident_e2_response_v1,3.162277660168379e-06,1e+26,145.99466538135377,98.06403646138712,143.6885659220011,218.47044438552783
fl16y_v41_incident_e2_response_v1,3.5481338923357606e-06,1e+26,163.8087087875192,110.02965861301715,161.2212226366697,245.1278703201134
fl16y_v41_incident_e2_response_v1,3.981071705534985e-06,1e+26,183.79639423497304,123.45530748435041,180.89318702346915,275.0379941629062
fl16y_v41_incident_e2_response_v1,4.466835921509635e-06,1e+26,206.22294616579825,138.51913327896412,202.96549409782833,308.5977050849757
fl16y_v41_incident_e2_response_v1,5.011872336272735e-06,1e+26,231.38595129854636,155.42102381291124,227.73102996428,346.2523200605782
fl16y_v41_incident_e2_response_v1,5.623413251903491e-06,1e+26,259.6193074231838,174.38525690459093,255.518418237115,388.50149295283774
fl16y_v41_incident_e2_response_v1,6.309573444801943e-06,1e+26,291.29765402190736,195.66347640514022,286.6963806760908,435.90584461694885
fl16y_v41_incident_e2_response_v1,7.079457843841402e-06,1e+26,326.84134350744915,219.53803135944446,321.6786299001552,489.0944019983015
fl16y_v41_incident_e2_response_v1,7.943282347242822e-06,1e+26,366.7220190442043,246.32572260641928,360.92935910254465,548.7729449378761
fl16y_v41_incident_e2_response_v1,8.912509381337476e-06,1e+26,411.4688729664739,276.38200653366914,404.96940161243606,615.7333714419333
fl16y_v41_incident_e2_response_v1,1e-05,1e+26,461.67566883921296,310.10571176778194,454.38314203677555,690.864205687413
fl16y_v41_incident_e2_response_v1,1.1220184543019652e-05,1e+26,518.0086203397996,347.94433138789736,509.8262706889732,775.162388197946
fl16y_v41_incident_e2_response_v1,1.2589254117941714e-05,1e+26,581.2152315087556,390.39996088697944,572.0344842009771,869.7465046388795
fl16y_v41_incident_e2_response_v1,1.4125375446227555e-05,1e+26,652.1342156742102,438.03596067395455,641.8332477705998,975.8716287694486
fl16y_v41_incident_e2_response_v1,1.5848931924611175e-05,1e+26,731.7066246682018,491.484431524067,720.1487485831786,1094.9459765090382
fl16y_v41_incident_e2_response_v1,1.778279410038923e-05,1e+26,820.9883360127207,551.4546021721114,808.0201857527893,1228.5495921068218
fl16y_v41_incident_e2_response_v1,1.995262314968883e-05,1e+26,921.1640637729354,618.7422403468577,906.6135598631315,1378.4553143690061
fl16y_v41_incident_e2_response_v1,2.238721138568347e-05,1e+26,1033.5630789930258,694.2402121253164,1017.237145086833,1546.652301152642
fl16y_v41_incident_e2_response_v1,2.5118864315095822e-05,1e+26,1159.67684831533,778.9503297231128,1141.3588491888677,1735.3724242818578
fl16y_v41_incident_e2_response_v1,2.8183829312644606e-05,1e+26,1301.1788248365413,873.9966449339332,1280.6256917707633,1947.1198851309844
fl16y_v41_incident_e2_response_v1,3.1622776601683795e-05,1e+26,1459.9466538135378,980.6403646138713,1436.8856592200111,2184.7044438552784
fl16y_v41_incident_e2_response_v1,3.54813389233576e-05,1e+26,1638.0870878751919,1100.2965861301714,1612.2122263666968,2451.278703201134
fl16y_v41_incident_e2_response_v1,3.981071705534986e-05,1e+26,1837.9639423497306,1234.5530748435042,1808.9318702346916,2750.379941629062
fl16y_v41_incident_e2_response_v1,4.466835921509635e-05,1e+26,2062.2294616579825,1385.1913327896414,2029.6549409782833,3085.9770508497572
fl16y_v41_incident_e2_response_v1,5.011872336272735e-05,1e+26,2313.8595129854634,1554.2102381291124,2277.3102996428006,3462.523200605782
fl16y_v41_incident_e2_response_v1,5.623413251903491e-05,1e+26,2596.1930742318373,1743.852569045909,2555.1841823711497,3885.014929528377
fl16y_v41_incident_e2_response_v1,6.309573444801943e-05,1e+26,2912.9765402190737,1956.634764051402,2866.963806760908,4359.058446169489
fl16y_v41_incident_e2_response_v1,7.079457843841403e-05,1e+26,3268.4134350744916,2195.3803135944445,3216.786299001553,4890.944019983016
fl16y_v41_incident_e2_response_v1,7.943282347242822e-05,1e+26,3667.2201904420426,2463.2572260641928,3609.293591025447,5487.729449378762
fl16y_v41_incident_e2_response_v1,8.912509381337478e-05,1e+26,4114.68872966474,2763.820065336692,4049.6940161243615,6157.333714419333
fl16y_v41_incident_e2_response_v1,0.0001,1e+26,4616.75668839213,3101.0571176778194,4543.831420367755,6908.6420568741305
fl16y_v41_incident_e2_response_v1,0.00011220184543019653,1e+26,5180.086203397997,3479.4433138789745,5098.262706889733,7751.623881979462
fl16y_v41_incident_e2_response_v1,0.00012589254117941712,1e+26,5812.1523150875555,3903.999608869794,5720.34484200977,8697.465046388794
fl16y_v41_incident_e2_response_v1,0.00014125375446227554,1e+26,6521.342156742102,4380.359606739546,6418.332477705996,9758.716287694486
fl16y_v41_incident_e2_response_v1,0.00015848931924611174,1e+26,7317.066246682018,4914.84431524067,7201.487485831785,10949.45976509038
fl16y_v41_incident_e2_response_v1,0.00017782794100389227,1e+26,8209.883360127205,5514.546021721114,8080.201857527893,12285.495921068217
fl16y_v41_incident_e2_response_v1,0.00019952623149688828,1e+26,9211.640637729353,6187.422403468576,9066.135598631316,13784.55314369006
fl16y_v41_incident_e2_response_v1,0.0002238721138568347,1e+26,10335.630789930257,6942.402121253163,10172.37145086833,15466.523011526418
fl16y_v41_incident_e2_response_v1,0.0002511886431509582,1e+26,11596.7684831533,7789.503297231127,11413.588491888679,17353.72424281858
fl16y_v41_incident_e2_response_v1,0.0002818382931264461,1e+26,13011.788248365414,8739.966449339332,12806.256917707633,19471.198851309844
fl16y_v41_incident_e2_response_v1,0.00031622776601683794,1e+26,14599.466538135377,9806.403646138711,14368.856592200109,21847.04443855278
fl16y_v41_incident_e2_response_v1,0.000354813389233576,1e+26,16380.870878751919,11002.965861301715,16122.12226366697,24512.78703201134
fl16y_v41_incident_e2_response_v1,0.00039810717055349854,1e+26,18379.639423497305,12345.530748435041,18089.318702346915,27503.79941629062
fl16y_v41_incident_e2_response_v1,0.0004466835921509635,1e+26,20622.294616579828,13851.913327896413,20296.549409782838,30859.77050849757
fl16y_v41_incident_e2_response_v1,0.0005011872336272735,1e+26,23138.595129854635,15542.102381291124,22773.102996428002,34625.23200605782
fl16y_v41_incident_e2_response_v1,0.0005623413251903491,1e+26,25961.930742318375,17438.52569045909,25551.841823711497,38850.14929528377
fl16y_v41_incident_e2_response_v1,0.0006309573444801943,1e+26,29129.765402190736,19566.34764051402,28669.63806760908,43590.58446169489
fl16y_v41_incident_e2_response_v1,0.0007079457843841402,1e+26,32684.134350744913,21953.803135944447,32167.86299001552,48909.440199830155
fl16y_v41_incident_e2_response_v1,0.0007943282347242822,1e+26,36672.20190442043,24632.572260641926,36092.93591025447,54877.29449378761
fl16y_v41_incident_e2_response_v1,0.0008912509381337477,1e+26,41146.887296647394,27638.20065336692,40496.94016124361,61573.33714419333
fl16y_v41_incident_e2_response_v1,0.001,1e+26,46167.566883921296,31010.571176778194,45438.31420367755,69086.4205687413
fl16y_v41_incident_e2_response_v1,1e-15,1e+27,2.009105252209067e-08,1.1095603126506055e-08,1.9286756995406472e-08,4.180569199843755e-08
fl16y_v41_incident_e2_response_v1,1.1220184543019653e-15,1e+27,2.2542531696135773e-08,1.2449471469550376e-08,2.164009727248359e-08,4.690675791711093e-08
fl16y_v41_incident_e2_response_v1,1.2589254117941663e-15,1e+27,2.5293136569751217e-08,1.3968536735141273e-08,2.4280588492616113e-08,5.263024801447307e-08
fl16y_v41_incident_e2_response_v1,1.4125375446227554e-15,1e+27,2.837936599844077e-08,1.567295599642343e-08,2.724326837002721e-08,5.9052109526728136e-08
fl16y_v41_incident_e2_response_v1,1.584893192461111e-15,1e+27,3.184217237164013e-08,1.7585345861449665e-08,3.056744986667143e-08,6.62575566544496e-08
fl16y_v41_incident_e2_response_v1,1.7782794100389227e-15,1e+27,3.57275050260444e-08,1.9731082581829214e-08,3.4297242851355486e-08,7.434220130325043e-08
fl16y_v41_incident_e2_response_v1,1.995262314968883e-15,1e+27,4.008691996538804e-08,2.2138638780168445e-08,3.848213941089702e-08,8.341332179567859e-08
fl16y_v41_incident_e2_response_v1,2.2387211385683378e-15,1e+27,4.497826397729109e-08,2.4839961264474044e-08,4.3177670580047234e-08,9.359128638937935e-08
fl16y_v41_incident_e2_response_v1,2.511886431509582e-15,1e+27,5.046644222498592e-08,2.7870894942885854e-08,4.844614320458404e-08,1.0501115049074397e-07
fl16y_v41_incident_e2_response_v1,2.818382931264449e-15,1e+27,5.66242794993979e-08,3.1271658463829115e-08,5.435746671529881e-08,1.1782444875809513e-07
fl16y_v41_incident_e2_response_v1,3.1622776601683794e-15,1e+27,6.353348655987689e-08,3.508737789304452e-08,6.099008078367011e-08,1.32201205874539e-07
fl16y_v41_incident_e2_response_v1,3.5481338923357604e-15,1e+27,7.128574438632776e-08,3.936868550906276e-08,6.843199616864552e-08,1.4833219267220616e-07
fl16y_v41_incident_e2_response_v1,3.9810717055349695e-15,1e+27,7.998392073011214e-08,4.41723916627786e-08,7.678196256594134e-08,1.6643145754528938e-07
fl16y_v41_incident_e2_response_v1,4.466835921509635e-15,1e+27,8.974343510661135e-08,4.9562238616291856e-08,8.615077895650888e-08,1.8673916674218875e-07
fl16y_v41_incident_e2_response_v1,5.0118723362727146e-15,1e+27,1.0069379034206837e-07,5.560974636399673e-08,9.666276384169197e-08,2.095247912257067e-07
fl16y_v41_incident_e2_response_v1,5.6234132519034904e-15,1e+27,1.1298029099741371e-07,6.239516165945594e-08,1.084574048742111e-07,2.350906823890094e-07
fl16y_v41_incident_e2_response_v1,6.309573444801943e-15,1e+27,1.2676597147150437e-07,7.0008522841064e-08,1.216912097745648e-07,2.6377608407491057e-07
fl16y_v41_incident_e2_response_v1,7.079457843841374e-15,1e+27,1.422337593685438e-07,7.855085458609415e-08,1.3653978309339286e-07,2.959616341355552e-07
fl16y_v41_incident_e2_response_v1,7.943282347242822e-15,1e+27,1.5958890283625117e-07,8.813550844678781e-08,1.5320015637717425e-07,3.3207441526545945e-07
fl16y_v41_incident_e2_response_v1,8.91250938133744e-15,1e+27,1.7906169408407633e-07,9.888966695658225e-08,1.718934026571357e-07,3.725936221293782e-07
fl16y_v41_incident_e2_response_v1,1e-14,1e+27,2.0091052522090668e-07,1.1095603126506054e-07,1.9286756995406475e-07,4.1805691998437544e-07
fl16y_v41_incident_e2_response_v1,1.1220184543019652e-14,1e+27,2.254253169613577e-07,1.2449471469550375e-07,2.1640097272483586e-07,4.690675791711093e-07
fl16y_v41_incident_e2_response_v1,1.2589254117941662e-14,1e+27,2.5293136569751215e-07,1.3968536735141272e-07,2.428058849261611e-07,5.263024801447306e-07
fl16y_v41_incident_e2_response_v1,1.4125375446227555e-14,1e+27,2.837936599844077e-07,1.567295599642343e-07,2.724326837002721e-07,5.905210952672815e-07
fl16y_v41_incident_e2_response_v1,1.584893192461111e-14,1e+27,3.184217237164013e-07,1.7585345861449662e-07,3.056744986667143e-07,6.62575566544496e-07
fl16y_v41_incident_e2_response_v1,1.7782794100389227e-14,1e+27,3.57275050260444e-07,1.9731082581829213e-07,3.429724285135549e-07,7.434220130325042e-07
fl16y_v41_incident_e2_response_v1,1.9952623149688828e-14,1e+27,4.008691996538804e-07,2.2138638780168441e-07,3.8482139410897016e-07,8.34133217956786e-07
fl16y_v41_incident_e2_response_v1,2.2387211385683377e-14,1e+27,4.4978263977291093e-07,2.483996126447404e-07,4.317767058004723e-07,9.359128638937935e-07
fl16y_v41_incident_e2_response_v1,2.5118864315095823e-14,1e+27,5.046644222498592e-07,2.7870894942885854e-07,4.844614320458404e-07,1.0501115049074397e-06
fl16y_v41_incident_e2_response_v1,2.8183829312644492e-14,1e+27,5.662427949939791e-07,3.127165846382912e-07,5.435746671529881e-07,1.1782444875809512e-06
fl16y_v41_incident_e2_response_v1,3.1622776601683796e-14,1e+27,6.35334865598769e-07,3.508737789304452e-07,6.09900807836701e-07,1.3220120587453902e-06
fl16y_v41_incident_e2_response_v1,3.54813389233576e-14,1e+27,7.128574438632775e-07,3.936868550906276e-07,6.843199616864552e-07,1.4833219267220615e-06
fl16y_v41_incident_e2_response_v1,3.9810717055349693e-14,1e+27,7.998392073011215e-07,4.4172391662778596e-07,7.678196256594135e-07,1.6643145754528938e-06
fl16y_v41_incident_e2_response_v1,4.466835921509635e-14,1e+27,8.974343510661134e-07,4.956223861629186e-07,8.615077895650887e-07,1.8673916674218875e-06
fl16y_v41_incident_e2_response_v1,5.0118723362727144e-14,1e+27,1.0069379034206838e-06,5.560974636399673e-07,9.666276384169197e-07,2.0952479122570673e-06
fl16y_v41_incident_e2_response_v1,5.6234132519034906e-14,1e+27,1.129802909974137e-06,6.239516165945595e-07,1.084574048742111e-06,2.350906823890094e-06
fl16y_v41_incident_e2_response_v1,6.309573444801943e-14,1e+27,1.2676597147150438e-06,7.000852284106402e-07,1.2169120977456479e-06,2.637760840749106e-06
fl16y_v41_incident_e2_response_v1,7.079457843841373e-14,1e+27,1.422337593685438e-06,7.855085458609415e-07,1.3653978309339282e-06,2.9596163413555517e-06
fl16y_v41_incident_e2_response_v1,7.943282347242822e-14,1e+27,1.5958890283625117e-06,8.813550844678781e-07,1.5320015637717425e-06,3.320744152654594e-06
fl16y_v41_incident_e2_response_v1,8.912509381337441e-14,1e+27,1.7906169408407633e-06,9.888966695658225e-07,1.7189340265713571e-06,3.7259362212937817e-06
fl16y_v41_incident_e2_response_v1,1e-13,1e+27,2.0091052522090667e-06,1.1095603126506053e-06,1.928675699540647e-06,4.180569199843754e-06
fl16y_v41_incident_e2_response_v1,1.1220184543019653e-13,1e+27,2.254253169613577e-06,1.2449471469550378e-06,2.1640097272483587e-06,4.690675791711093e-06
fl16y_v41_incident_e2_response_v1,1.2589254117941663e-13,1e+27,2.5293136569751218e-06,1.3968536735141273e-06,2.428058849261611e-06,5.263024801447307e-06
fl16y_v41_incident_e2_response_v1,1.4125375446227554e-13,1e+27,2.837936599844077e-06,1.567295599642343e-06,2.724326837002721e-06,5.905210952672814e-06
fl16y_v41_incident_e2_response_v1,1.584893192461111e-13,1e+27,3.184217237164013e-06,1.7585345861449662e-06,3.056744986667143e-06,6.62575566544496e-06
fl16y_v41_incident_e2_response_v1,1.7782794100389227e-13,1e+27,3.5727505026044403e-06,1.9731082581829213e-06,3.429724285135549e-06,7.434220130325043e-06
fl16y_v41_incident_e2_response_v1,1.9952623149688827e-13,1e+27,4.008691996538804e-06,2.2138638780168442e-06,3.848213941089701e-06,8.34133217956786e-06
fl16y_v41_incident_e2_response_v1,2.2387211385683378e-13,1e+27,4.497826397729109e-06,2.483996126447404e-06,4.317767058004723e-06,9.359128638937935e-06
fl16y_v41_incident_e2_response_v1,2.511886431509582e-13,1e+27,5.046644222498591e-06,2.7870894942885856e-06,4.844614320458403e-06,1.0501115049074398e-05
fl16y_v41_incident_e2_response_v1,2.818382931264449e-13,1e+27,5.6624279499397905e-06,3.1271658463829117e-06,5.435746671529882e-06,1.1782444875809514e-05
fl16y_v41_incident_e2_response_v1,3.162277660168379e-13,1e+27,6.353348655987689e-06,3.5087377893044517e-06,6.0990080783670095e-06,1.32201205874539e-05
fl16y_v41_incident_e2_response_v1,3.5481338923357605e-13,1e+27,7.1285744386327764e-06,3.936868550906276e-06,6.843199616864553e-06,1.4833219267220617e-05
fl16y_v41_incident_e2_response_v1,3.981071705534969e-13,1e+27,7.998392073011214e-06,4.41723916627786e-06,7.678196256594135e-06,1.6643145754528936e-05
fl16y_v41_incident_e2_response_v1,4.4668359215096347e-13,1e+27,8.974343510661133e-06,4.9562238616291855e-06,8.615077895650887e-06,1.867391667421887e-05
fl16y_v41_incident_e2_response_v1,5.011872336272715e-13,1e+27,1.0069379034206837e-05,5.560974636399674e-06,9.666276384169197e-06,2.095247912257067e-05
fl16y_v41_incident_e2_response_v1,5.62341325190349e-13,1e+27,1.129802909974137e-05,6.239516165945594e-06,1.084574048742111e-05,2.3509068238900937e-05
fl16y_v41_incident_e2_response_v1,6.309573444801942e-13,1e+27,1.2676597147150438e-05,7.000852284106401e-06,1.2169120977456478e-05,2.637760840749106e-05
fl16y_v41_incident_e2_response_v1,7.079457843841374e-13,1e+27,1.422337593685438e-05,7.855085458609416e-06,1.3653978309339285e-05,2.9596163413555524e-05
fl16y_v41_incident_e2_response_v1,7.943282347242822e-13,1e+27,1.595889028362512e-05,8.81355084467878e-06,1.532001563771742e-05,3.3207441526545945e-05
fl16y_v41_incident_e2_response_v1,8.91250938133744e-13,1e+27,1.7906169408407632e-05,9.888966695658224e-06,1.718934026571357e-05,3.7259362212937815e-05
fl16y_v41_incident_e2_response_v1,1e-12,1e+27,2.0091052522090665e-05,1.1095603126506054e-05,1.9286756995406475e-05,4.180569199843754e-05
fl16y_v41_incident_e2_response_v1,1.1220184543019652e-12,1e+27,2.2542531696135774e-05,1.2449471469550375e-05,2.1640097272483585e-05,4.690675791711093e-05
fl16y_v41_incident_e2_response_v1,1.258925411794166e-12,1e+27,2.529313656975121e-05,1.396853673514127e-05,2.4280588492616107e-05,5.2630248014473056e-05
fl16y_v41_incident_e2_response_v1,1.4125375446227555e-12,1e+27,2.837936599844077e-05,1.567295599642343e-05,2.724326837002721e-05,5.9052109526728144e-05
fl16y_v41_incident_e2_response_v1,1.584893192461111e-12,1e+27,3.184217237164013e-05,1.7585345861449664e-05,3.056744986667143e-05,6.625755665444961e-05
fl16y_v41_incident_e2_response_v1,1.7782794100389228e-12,1e+27,3.5727505026044406e-05,1.973108258182921e-05,3.4297242851355494e-05,7.434220130325042e-05
fl16y_v41_incident_e2_response_v1,1.9952623149688827e-12,1e+27,4.008691996538804e-05,2.2138638780168443e-05,3.848213941089701e-05,8.34133217956786e-05
fl16y_v41_incident_e2_response_v1,2.238721138568338e-12,1e+27,4.49782639772911e-05,2.4839961264474043e-05,4.317767058004724e-05,9.359128638937935e-05
fl16y_v41_incident_e2_response_v1,2.5118864315095823e-12,1e+27,5.046644222498593e-05,2.7870894942885857e-05,4.844614320458404e-05,0.00010501115049074399
fl16y_v41_incident_e2_response_v1,2.8183829312644492e-12,1e+27,5.66242794993979e-05,3.127165846382912e-05,5.4357466715298815e-05,0.00011782444875809513
fl16y_v41_incident_e2_response_v1,3.1622776601683794e-12,1e+27,6.353348655987689e-05,3.508737789304452e-05,6.099008078367011e-05,0.00013220120587453902
fl16y_v41_incident_e2_response_v1,3.5481338923357604e-12,1e+27,7.128574438632776e-05,3.9368685509062756e-05,6.843199616864553e-05,0.00014833219267220614
fl16y_v41_incident_e2_response_v1,3.9810717055349695e-12,1e+27,7.998392073011214e-05,4.41723916627786e-05,7.678196256594135e-05,0.00016643145754528937
fl16y_v41_incident_e2_response_v1,4.466835921509635e-12,1e+27,8.974343510661134e-05,4.956223861629186e-05,8.615077895650887e-05,0.00018673916674218874
fl16y_v41_incident_e2_response_v1,5.011872336272715e-12,1e+27,0.00010069379034206837,5.560974636399673e-05,9.666276384169197e-05,0.00020952479122570672
fl16y_v41_incident_e2_response_v1,5.6234132519034904e-12,1e+27,0.00011298029099741371,6.239516165945595e-05,0.00010845740487421111,0.00023509068238900942
fl16y_v41_incident_e2_response_v1,6.309573444801943e-12,1e+27,0.00012676597147150435,7.000852284106401e-05,0.0001216912097745648,0.0002637760840749106
fl16y_v41_incident_e2_response_v1,7.079457843841373e-12,1e+27,0.00014223375936854379,7.855085458609415e-05,0.00013653978309339284,0.0002959616341355552
fl16y_v41_incident_e2_response_v1,7.943282347242821e-12,1e+27,0.00015958890283625116,8.813550844678779e-05,0.00015320015637717424,0.0003320744152654594
fl16y_v41_incident_e2_response_v1,8.912509381337441e-12,1e+27,0.00017906169408407635,9.888966695658226e-05,0.0001718934026571357,0.0003725936221293782
fl16y_v41_incident_e2_response_v1,1e-11,1e+27,0.00020091052522090667,0.00011095603126506054,0.0001928675699540647,0.0004180569199843754
fl16y_v41_incident_e2_response_v1,1.1220184543019653e-11,1e+27,0.00022542531696135773,0.00012449471469550376,0.00021640097272483588,0.0004690675791711094
fl16y_v41_incident_e2_response_v1,1.2589254117941713e-11,1e+27,0.0002529313656975132,0.00013968536735141327,0.0002428058849261621,0.0005263024801447328
fl16y_v41_incident_e2_response_v1,1.4125375446227554e-11,1e+27,0.0002837936599844077,0.0001567295599642343,0.0002724326837002721,0.0005905210952672815
fl16y_v41_incident_e2_response_v1,1.5848931924611107e-11,1e+27,0.0003184217237164013,0.00017585345861449662,0.0003056744986667143,0.0006625755665444959
fl16y_v41_incident_e2_response_v1,1.7782794100389227e-11,1e+27,0.000357275050260444,0.0001973108258182921,0.00034297242851355486,0.0007434220130325043
fl16y_v41_incident_e2_response_v1,1.9952623149688828e-11,1e+27,0.0004008691996538804,0.00022138638780168444,0.00038482139410897016,0.0008341332179567859
fl16y_v41_incident_e2_response_v1,2.238721138568347e-11,1e+27,0.0004497826397729128,0.0002483996126447414,0.0004317767058004741,0.0009359128638937972
fl16y_v41_incident_e2_response_v1,2.5118864315095823e-11,1e+27,0.0005046644222498593,0.00027870894942885857,0.00048446143204584034,0.00105011150490744
fl16y_v41_incident_e2_response_v1,2.8183829312644493e-11,1e+27,0.000566242794993979,0.0003127165846382912,0.0005435746671529882,0.0011782444875809515
fl16y_v41_incident_e2_response_v1,3.1622776601683794e-11,1e+27,0.000635334865598769,0.0003508737789304452,0.0006099008078367011,0.00132201205874539
fl16y_v41_incident_e2_response_v1,3.548133892335761e-11,1e+27,0.0007128574438632776,0.0003936868550906276,0.0006843199616864553,0.0014833219267220616
fl16y_v41_incident_e2_response_v1,3.9810717055349857e-11,1e+27,0.0007998392073011247,0.00044172391662778776,0.0007678196256594166,0.0016643145754529005
fl16y_v41_incident_e2_response_v1,4.4668359215096346e-11,1e+27,0.0008974343510661134,0.0004956223861629185,0.0008615077895650886,0.0018673916674218872
fl16y_v41_incident_e2_response_v1,5.011872336272715e-11,1e+27,0.0010069379034206838,0.0005560974636399673,0.0009666276384169198,0.0020952479122570674
fl16y_v41_incident_e2_response_v1,5.6234132519034906e-11,1e+27,0.0011298029099741371,0.0006239516165945595,0.001084574048742111,0.002350906823890094
fl16y_v41_incident_e2_response_v1,6.309573444801942e-11,1e+27,0.0012676597147150436,0.0007000852284106401,0.0012169120977456478,0.0026377608407491056
fl16y_v41_incident_e2_response_v1,7.079457843841402e-11,1e+27,0.0014223375936854438,0.0007855085458609446,0.0013653978309339338,0.0029596163413555645
fl16y_v41_incident_e2_response_v1,7.943282347242822e-11,1e+27,0.0015958890283625118,0.000881355084467878,0.0015320015637717425,0.0033207441526545943
fl16y_v41_incident_e2_response_v1,8.912509381337441e-11,1e+27,0.0017906169408407632,0.0009888966695658225,0.001718934026571357,0.003725936221293782
fl16y_v41_incident_e2_response_v1,1e-10,1e+27,0.0020091052522090667,0.0011095603126506056,0.0019286756995406473,0.004180569199843754
fl16y_v41_incident_e2_response_v1,1.1220184543019652e-10,1e+27,0.002254253169613577,0.0012449471469550375,0.0021640097272483585,0.004690675791711093
fl16y_v41_incident_e2_response_v1,1.2589254117941713e-10,1e+27,0.002529313656975132,0.001396853673514133,0.002428058849261621,0.005263024801447328
fl16y_v41_incident_e2_response_v1,1.4125375446227556e-10,1e+27,0.0028379365998440773,0.0015672955996423432,0.002724326837002721,0.005905210952672814
fl16y_v41_incident_e2_response_v1,1.584893192461111e-10,1e+27,0.003184217237164013,0.0017585345861449663,0.0030567449866671426,0.006625755665444959
fl16y_v41_incident_e2_response_v1,1.778279410038923e-10,1e+27,0.0035727505026044407,0.0019731082581829215,0.003429724285135549,0.007434220130325044
fl16y_v41_incident_e2_response_v1,1.9952623149688828e-10,1e+27,0.004008691996538804,0.0022138638780168445,0.0038482139410897015,0.00834133217956786
fl16y_v41_incident_e2_response_v1,2.238721138568347e-10,1e+27,0.004497826397729127,0.0024839961264474146,0.004317767058004741,0.009359128638937973
fl16y_v41_incident_e2_response_v1,2.511886431509582e-10,1e+27,0.005046644222498592,0.0027870894942885853,0.004844614320458403,0.010501115049074396
fl16y_v41_incident_e2_response_v1,2.8183829312644494e-10,1e+27,0.005662427949939791,0.0031271658463829124,0.005435746671529882,0.011782444875809515
fl16y_v41_incident_e2_response_v1,3.1622776601683795e-10,1e+27,0.0063533486559876895,0.003508737789304452,0.00609900807836701,0.013220120587453903
fl16y_v41_incident_e2_response_v1,3.5481338923357605e-10,1e+27,0.0071285744386327754,0.003936868550906276,0.006843199616864553,0.014833219267220615
fl16y_v41_incident_e2_response_v1,3.9810717055349854e-10,1e+27,0.007998392073011246,0.004417239166277877,0.007678196256594166,0.016643145754529007
fl16y_v41_incident_e2_response_v1,4.4668359215096347e-10,1e+27,0.008974343510661132,0.004956223861629185,0.008615077895650886,0.018673916674218874
fl16y_v41_incident_e2_response_v1,5.011872336272714e-10,1e+27,0.010069379034206837,0.005560974636399673,0.009666276384169196,0.02095247912257067
fl16y_v41_incident_e2_response_v1,5.623413251903491e-10,1e+27,0.01129802909974137,0.0062395161659455954,0.010845740487421112,0.02350906823890094
fl16y_v41_incident_e2_response_v1,6.309573444801942e-10,1e+27,0.012676597147150435,0.0070008522841064,0.012169120977456479,0.02637760840749106
fl16y_v41_incident_e2_response_v1,7.079457843841402e-10,1e+27,0.014223375936854436,0.007855085458609447,0.01365397830933934,0.029596163413555643
fl16y_v41_incident_e2_response_v1,7.943282347242822e-10,1e+27,0.01595889028362512,0.00881355084467878,0.015320015637717425,0.03320744152654594
fl16y_v41_incident_e2_response_v1,8.912509381337441e-10,1e+27,0.017906169408407634,0.009888966695658225,0.01718934026571357,0.03725936221293782
fl16y_v41_incident_e2_response_v1,1e-09,1e+27,0.02009105252209067,0.011095603126506055,0.019286756995406475,0.04180569199843755
fl16y_v41_incident_e2_response_v1,1.1220184543019653e-09,1e+27,0.022542531696135775,0.012449471469550376,0.02164009727248359,0.04690675791711093
fl16y_v41_incident_e2_response_v1,1.2589254117941712e-09,1e+27,0.025293136569751316,0.013968536735141328,0.024280588492616204,0.052630248014473274
fl16y_v41_incident_e2_response_v1,1.4125375446227555e-09,1e+27,0.02837936599844077,0.01567295599642343,0.02724326837002721,0.05905210952672814
fl16y_v41_incident_e2_response_v1,1.584893192461111e-09,1e+27,0.03184217237164013,0.017585345861449664,0.03056744986667143,0.0662575566544496
fl16y_v41_incident_e2_response_v1,1.7782794100389228e-09,1e+27,0.0357275050260444,0.019731082581829214,0.03429724285135549,0.07434220130325044
fl16y_v41_incident_e2_response_v1,1.9952623149688828e-09,1e+27,0.04008691996538803,0.022138638780168442,0.038482139410897016,0.08341332179567859
fl16y_v41_incident_e2_response_v1,2.238721138568347e-09,1e+27,0.04497826397729127,0.02483996126447414,0.04317767058004741,0.09359128638937973
fl16y_v41_incident_e2_response_v1,2.511886431509582e-09,1e+27,0.05046644222498591,0.027870894942885853,0.048446143204584034,0.10501115049074396
fl16y_v41_incident_e2_response_v1,2.8183829312644493e-09,1e+27,0.056624279499397905,0.03127165846382912,0.05435746671529882,0.11782444875809514
fl16y_v41_incident_e2_response_v1,3.1622776601683795e-09,1e+27,0.0635334865598769,0.035087377893044516,0.0609900807836701,0.132201205874539
fl16y_v41_incident_e2_response_v1,3.5481338923357603e-09,1e+27,0.07128574438632776,0.03936868550906276,0.06843199616864552,0.14833219267220615
fl16y_v41_incident_e2_response_v1,3.9810717055349855e-09,1e+27,0.07998392073011246,0.044172391662778775,0.07678196256594165,0.16643145754529004
fl16y_v41_incident_e2_response_v1,4.466835921509635e-09,1e+27,0.08974343510661136,0.04956223861629186,0.08615077895650887,0.18673916674218874
fl16y_v41_incident_e2_response_v1,5.011872336272715e-09,1e+27,0.10069379034206836,0.05560974636399674,0.09666276384169195,0.2095247912257067
fl16y_v41_incident_e2_response_v1,5.623413251903491e-09,1e+27,0.1129802909974137,0.06239516165945595,0.10845740487421113,0.23509068238900943
fl16y_v41_incident_e2_response_v1,6.309573444801943e-09,1e+27,0.12676597147150437,0.07000852284106401,0.1216912097745648,0.2637760840749106
fl16y_v41_incident_e2_response_v1,7.0794578438414025e-09,1e+27,0.14223375936854435,0.07855085458609447,0.13653978309339337,0.29596163413555643
fl16y_v41_incident_e2_response_v1,7.943282347242822e-09,1e+27,0.15958890283625118,0.08813550844678782,0.15320015637717424,0.33207441526545944
fl16y_v41_incident_e2_response_v1,8.912509381337441e-09,1e+27,0.17906169408407632,0.09888966695658225,0.1718934026571357,0.37259362212937824
fl16y_v41_incident_e2_response_v1,1e-08,1e+27,0.2009105252209067,0.11095603126506054,0.19286756995406473,0.4180569199843755
fl16y_v41_incident_e2_response_v1,1.1220184543019653e-08,1e+27,0.22542531696135773,0.12449471469550377,0.21640097272483588,0.46906757917110936
fl16y_v41_incident_e2_response_v1,1.2589254117941687e-08,1e+27,0.2529313656975127,0.139685367351413,0.2428058849261616,0.5263024801447317
fl16y_v41_incident_e2_response_v1,1.4125375446227554e-08,1e+27,0.2837936599844077,0.1567295599642343,0.2724326837002721,0.5905210952672814
fl16y_v41_incident_e2_response_v1,1.5848931924611143e-08,1e+27,0.318421723716402,0.175853458614497,0.305674498666715,0.6625755665444975
fl16y_v41_incident_e2_response_v1,1.7782794100389228e-08,1e+27,0.35727505026044404,0.19731082581829215,0.34297242851355486,0.7434220130325043
fl16y_v41_incident_e2_response_v1,1.995262314968883e-08,1e+27,0.4008691996538804,0.22138638780168443,0.3848213941089702,0.8341332179567861
fl16y_v41_incident_e2_response_v1,2.2387211385683424e-08,1e+27,0.4497826397729119,0.24839961264474095,0.4317767058004732,0.9359128638937954
fl16y_v41_incident_e2_response_v1,2.511886431509582e-08,1e+27,0.5046644222498592,0.27870894942885854,0.4844614320458403,1.0501115049074399
fl16y_v41_incident_e2_response_v1,2.818382931264455e-08,1e+27,0.5662427949939802,0.3127165846382919,0.5435746671529893,1.1782444875809537
fl16y_v41_incident_e2_response_v1,3.162277660168379e-08,1e+27,0.635334865598769,0.3508737789304452,0.609900807836701,1.32201205874539
fl16y_v41_incident_e2_response_v1,3.5481338923357604e-08,1e+27,0.7128574438632777,0.3936868550906276,0.6843199616864553,1.4833219267220614
fl16y_v41_incident_e2_response_v1,3.9810717055349776e-08,1e+27,0.799839207301123,0.4417239166277869,0.767819625659415,1.6643145754528972
fl16y_v41_incident_e2_response_v1,4.4668359215096346e-08,1e+27,0.8974343510661134,0.4956223861629185,0.8615077895650886,1.8673916674218873
fl16y_v41_incident_e2_response_v1,5.011872336272725e-08,1e+27,1.0069379034206858,0.5560974636399685,0.9666276384169216,2.0952479122570717
fl16y_v41_incident_e2_response_v1,5.6234132519034905e-08,1e+27,1.1298029099741371,0.6239516165945594,1.084574048742111,2.350906823890094
fl16y_v41_incident_e2_response_v1,6.309573444801943e-08,1e+27,1.2676597147150437,0.7000852284106401,1.2169120977456478,2.637760840749106
fl16y_v41_incident_e2_response_v1,7.079457843841387e-08,1e+27,1.4223375936854408,0.7855085458609431,1.3653978309339312,2.959616341355558
fl16y_v41_incident_e2_response_v1,7.943282347242822e-08,1e+27,1.5958890283625118,0.881355084467878,1.5320015637717426,3.3207441526545947
fl16y_v41_incident_e2_response_v1,8.912509381337459e-08,1e+27,1.790616940840767,0.9888966695658244,1.7189340265713606,3.7259362212937894
fl16y_v41_incident_e2_response_v1,1e-07,1e+27,2.0091052522090664,1.1095603126506053,1.9286756995406473,4.180569199843754
fl16y_v41_incident_e2_response_v1,1.1220184543019653e-07,1e+27,2.2542531696135772,1.2449471469550377,2.164009727248359,4.690675791711093
fl16y_v41_incident_e2_response_v1,1.2589254117941662e-07,1e+27,2.529313656975121,1.3968536735141273,2.428058849261611,5.2630248014473064
fl16y_v41_incident_e2_response_v1,1.4125375446227555e-07,1e+27,2.837936599844077,1.567295599642343,2.7243268370027214,5.905210952672815
fl16y_v41_incident_e2_response_v1,1.5848931924611173e-07,1e+27,3.184217237164026,1.7585345861449733,3.056744986667155,6.625755665444986
fl16y_v41_incident_e2_response_v1,1.7782794100389227e-07,1e+27,3.57275050260444,1.9731082581829213,3.4297242851355487,7.434220130325043
fl16y_v41_incident_e2_response_v1,1.995262314968883e-07,1e+27,4.008691996538804,2.2138638780168445,3.848213941089701,8.341332179567859
fl16y_v41_incident_e2_response_v1,2.2387211385683377e-07,1e+27,4.49782639772911,2.483996126447404,4.317767058004723,9.359128638937936
fl16y_v41_incident_e2_response_v1,2.5118864315095823e-07,1e+27,5.046644222498592,2.787089494288586,4.844614320458404,10.501115049074398
fl16y_v41_incident_e2_response_v1,2.818382931264461e-07,1e+27,5.662427949939814,3.127165846382925,5.435746671529904,11.782444875809562
fl16y_v41_incident_e2_response_v1,3.162277660168379e-07,1e+27,6.3533486559876895,3.5087377893044516,6.09900807836701,13.2201205874539
fl16y_v41_incident_e2_response_v1,3.5481338923357606e-07,1e+27,7.128574438632776,3.9368685509062757,6.843199616864553,14.833219267220615
fl16y_v41_incident_e2_response_v1,3.981071705534969e-07,1e+27,7.998392073011215,4.417239166277859,7.678196256594134,16.643145754528938
fl16y_v41_incident_e2_response_v1,4.466835921509635e-07,1e+27,8.974343510661134,4.956223861629185,8.615077895650886,18.673916674218873
fl16y_v41_incident_e2_response_v1,5.011872336272736e-07,1e+27,10.06937903420688,5.560974636399697,9.666276384169237,20.95247912257076
fl16y_v41_incident_e2_response_v1,5.62341325190349e-07,1e+27,11.29802909974137,6.239516165945595,10.84574048742111,23.509068238900937
fl16y_v41_incident_e2_response_v1,6.309573444801942e-07,1e+27,12.676597147150437,7.0008522841064,12.169120977456478,26.377608407491056
fl16y_v41_incident_e2_response_v1,7.079457843841374e-07,1e+27,14.22337593685438,7.855085458609415,13.653978309339283,29.596163413555523
fl16y_v41_incident_e2_response_v1,7.943282347242822e-07,1e+27,15.958890283625118,8.813550844678781,15.320015637717425,33.20744152654594
fl16y_v41_incident_e2_response_v1,8.912509381337477e-07,1e+27,17.906169408407706,9.888966695658265,17.189340265713643,37.25936221293797
fl16y_v41_incident_e2_response_v1,1e-06,1e+27,20.091052522090667,11.095603126506054,19.286756995406474,41.805691998437545
fl16y_v41_incident_e2_response_v1,1.1220184543019652e-06,1e+27,22.54253169613577,12.449471469550375,21.640097272483583,46.90675791711092
fl16y_v41_incident_e2_response_v1,1.2589254117941661e-06,1e+27,25.293136569751216,13.96853673514127,24.280588492616108,52.63024801447306
fl16y_v41_incident_e2_response_v1,1.4125375446227554e-06,1e+27,28.379365998440772,15.672955996423429,27.243268370027213,59.05210952672814
fl16y_v41_incident_e2_response_v1,1.5848931924611175e-06,1e+27,31.842172371640263,17.585345861449735,30.567449866671552,66.25755665444987
fl16y_v41_incident_e2_response_v1,1.778279410038923e-06,1e+27,35.727505026044405,19.731082581829217,34.29724285135549,74.34220130325045
fl16y_v41_incident_e2_response_v1,1.995262314968883e-06,1e+27,40.08691996538804,22.138638780168446,38.48213941089701,83.4133217956786
fl16y_v41_incident_e2_response_v1,2.2387211385683376e-06,1e+27,44.97826397729109,24.839961264474038,43.177670580047234,93.59128638937933
fl16y_v41_incident_e2_response_v1,2.5118864315095823e-06,1e+27,50.466442224985926,27.870894942885858,48.44614320458404,105.01115049074397
fl16y_v41_incident_e2_response_v1,2.8183829312644606e-06,1e+27,56.62427949939813,31.271658463829244,54.35746671529904,117.82444875809561
fl16y_v41_incident_e2_response_v1,3.162277660168379e-06,1e+27,63.53348655987689,35.08737789304452,60.9900807836701,132.20120587453903
fl16y_v41_incident_e2_response_v1,3.5481338923357606e-06,1e+27,71.28574438632776,39.36868550906276,68.43199616864553,148.33219267220616
fl16y_v41_incident_e2_response_v1,3.981071705534985e-06,1e+27,79.98392073011246,44.17239166277877,76.78196256594165,166.43145754529004
fl16y_v41_incident_e2_response_v1,4.466835921509635e-06,1e+27,89.74343510661133,49.56223861629185,86.15077895650886,186.73916674218873
fl16y_v41_incident_e2_response_v1,5.011872336272735e-06,1e+27,100.6937903420688,55.60974636399696,96.66276384169235,209.52479122570756
fl16y_v41_incident_e2_response_v1,5.623413251903491e-06,1e+27,112.98029099741373,62.39516165945596,108.45740487421112,235.09068238900943
fl16y_v41_incident_e2_response_v1,6.309573444801943e-06,1e+27,126.76597147150439,70.00852284106402,121.6912097745648,263.7760840749106
fl16y_v41_incident_e2_response_v1,7.079457843841402e-06,1e+27,142.23375936854436,78.55085458609446,136.53978309339337,295.9616341355564
fl16y_v41_incident_e2_response_v1,7.943282347242822e-06,1e+27,159.58890283625118,88.13550844678781,153.20015637717424,332.07441526545944
fl16y_v41_incident_e2_response_v1,8.912509381337476e-06,1e+27,179.06169408407703,98.88966695658264,171.8934026571364,372.5936221293797
fl16y_v41_incident_e2_response_v1,1e-05,1e+27,200.9105252209067,110.95603126506055,192.86756995406475,418.05691998437544
fl16y_v41_incident_e2_response_v1,1.1220184543019652e-05,1e+27,225.4253169613577,124.49471469550375,216.40097272483587,469.0675791711093
fl16y_v41_incident_e2_response_v1,1.2589254117941714e-05,1e+27,252.93136569751317,139.6853673514133,242.8058849261621,526.3024801447328
fl16y_v41_incident_e2_response_v1,1.4125375446227555e-05,1e+27,283.79365998440767,156.7295599642343,272.43268370027215,590.5210952672815
fl16y_v41_incident_e2_response_v1,1.5848931924611175e-05,1e+27,318.42172371640265,175.85345861449738,305.6744986667156,662.5755665444988
fl16y_v41_incident_e2_response_v1,1.778279410038923e-05,1e+27,357.27505026044406,197.31082581829213,342.9724285135549,743.4220130325043
fl16y_v41_incident_e2_response_v1,1.995262314968883e-05,1e+27,400.86919965388046,221.38638780168446,384.8213941089702,834.1332179567861
fl16y_v41_incident_e2_response_v1,2.238721138568347e-05,1e+27,449.7826397729128,248.39961264474147,431.77670580047413,935.9128638937973
fl16y_v41_incident_e2_response_v1,2.5118864315095822e-05,1e+27,504.66442224985923,278.70894942885855,484.46143204584035,1050.1115049074397
fl16y_v41_incident_e2_response_v1,2.8183829312644606e-05,1e+27,566.2427949939813,312.7165846382925,543.5746671529904,1178.2444875809563
fl16y_v41_incident_e2_response_v1,3.1622776601683795e-05,1e+27,635.3348655987689,350.8737789304452,609.9008078367011,1322.01205874539
fl16y_v41_incident_e2_response_v1,3.54813389233576e-05,1e+27,712.8574438632776,393.68685509062755,684.3199616864551,1483.3219267220613
fl16y_v41_incident_e2_response_v1,3.981071705534986e-05,1e+27,799.8392073011247,441.7239166277878,767.8196256594166,1664.3145754529005
fl16y_v41_incident_e2_response_v1,4.466835921509635e-05,1e+27,897.4343510661134,495.62238616291853,861.5077895650886,1867.3916674218872
fl16y_v41_incident_e2_response_v1,5.011872336272735e-05,1e+27,1006.9379034206878,556.0974636399696,966.6276384169237,2095.2479122570758
fl16y_v41_incident_e2_response_v1,5.623413251903491e-05,1e+27,1129.802909974137,623.9516165945595,1084.574048742111,2350.906823890094
fl16y_v41_incident_e2_response_v1,6.309573444801943e-05,1e+27,1267.6597147150437,700.0852284106401,1216.9120977456478,2637.760840749106
fl16y_v41_incident_e2_response_v1,7.079457843841403e-05,1e+27,1422.3375936854436,785.5085458609448,1365.397830933934,2959.6163413555646
fl16y_v41_incident_e2_response_v1,7.943282347242822e-05,1e+27,1595.8890283625117,881.355084467878,1532.0015637717424,3320.7441526545945
fl16y_v41_incident_e2_response_v1,8.912509381337478e-05,1e+27,1790.6169408407707,988.8966695658265,1718.934026571364,3725.936221293797
fl16y_v41_incident_e2_response_v1,0.0001,1e+27,2009.105252209067,1109.5603126506055,1928.6756995406472,4180.569199843755
fl16y_v41_incident_e2_response_v1,0.00011220184543019653,1e+27,2254.2531696135775,1244.9471469550376,2164.009727248359,4690.675791711094
fl16y_v41_incident_e2_response_v1,0.00012589254117941712,1e+27,2529.3136569751314,1396.8536735141327,2428.0588492616203,5263.024801447328
fl16y_v41_incident_e2_response_v1,0.00014125375446227554,1e+27,2837.936599844077,1567.2955996423432,2724.326837002721,5905.2109526728145
fl16y_v41_incident_e2_response_v1,0.00015848931924611174,1e+27,3184.2172371640263,1758.5345861449737,3056.7449866671554,6625.755665444987
fl16y_v41_incident_e2_response_v1,0.00017782794100389227,1e+27,3572.75050260444,1973.1082581829212,3429.724285135549,7434.220130325043
fl16y_v41_incident_e2_response_v1,0.00019952623149688828,1e+27,4008.691996538804,2213.8638780168444,3848.2139410897016,8341.332179567858
fl16y_v41_incident_e2_response_v1,0.0002238721138568347,1e+27,4497.826397729128,2483.9961264474146,4317.767058004741,9359.128638937973
fl16y_v41_incident_e2_response_v1,0.0002511886431509582,1e+27,5046.644222498591,2787.0894942885857,4844.614320458404,10501.115049074398
fl16y_v41_incident_e2_response_v1,0.0002818382931264461,1e+27,5662.4279499398135,3127.1658463829253,5435.746671529904,11782.444875809562
fl16y_v41_incident_e2_response_v1,0.00031622776601683794,1e+27,6353.348655987689,3508.737789304452,6099.00807836701,13220.120587453901
fl16y_v41_incident_e2_response_v1,0.000354813389233576,1e+27,7128.574438632775,3936.8685509062757,6843.199616864552,14833.219267220615
fl16y_v41_incident_e2_response_v1,0.00039810717055349854,1e+27,7998.392073011246,4417.239166277877,7678.196256594165,16643.145754529003
fl16y_v41_incident_e2_response_v1,0.0004466835921509635,1e+27,8974.343510661134,4956.223861629185,8615.077895650888,18673.91667421887
fl16y_v41_incident_e2_response_v1,0.0005011872336272735,1e+27,10069.379034206879,5560.974636399696,9666.276384169236,20952.479122570756
fl16y_v41_incident_e2_response_v1,0.0005623413251903491,1e+27,11298.02909974137,6239.516165945594,10845.740487421112,23509.06823890094
fl16y_v41_incident_e2_response_v1,0.0006309573444801943,1e+27,12676.597147150438,7000.852284106401,12169.120977456478,26377.60840749106
fl16y_v41_incident_e2_response_v1,0.0007079457843841402,1e+27,14223.375936854436,7855.0854586094465,13653.978309339338,29596.16341355564
fl16y_v41_incident_e2_response_v1,0.0007943282347242822,1e+27,15958.890283625116,8813.55084467878,15320.015637717424,33207.44152654594
fl16y_v41_incident_e2_response_v1,0.0008912509381337477,1e+27,17906.169408407706,9888.966695658266,17189.34026571364,37259.36221293797
fl16y_v41_incident_e2_response_v1,0.001,1e+27,20091.052522090667,11095.603126506056,19286.756995406475,41805.69199843755
